Workbook

Sheet RESULT
A1: CONFIDENTIAL — Shared for portfolio review purposes only. All game content is the property of its respective studio.
A2: A. | B2: This bingo table was created with values derived from running the bingo simulator with assistance from the development team.
A3: B. | B3: The Live Server sheet contains data to be delivered to the server development team.
A4: C. | B4: The Control Panel sheet is used by the design team to adjust various expected values.
A5: D. | B5: The Diamond Exchange sheet shows expected values for diamond conversion in the bingo event.
A6: E. | B6: The Simulator sheet is auto-populated with values needed to run the simulator provided by the dev team.
A7: F. | B7: Subsequent sheets are for reference.
A8: G. | B8: Below are aggregated result values.
A11: Daily Expected Value by Bet Range (Based on 3,000 Spins)
A12: 1 | B12: ='Control Panel'!M90
A13: 2 | B13: ='Control Panel'!N90
A14: 3 | B14: ='Control Panel'!O90
A15: 4 | B15: ='Control Panel'!P90
A16: 5 | B16: ='Control Panel'!Q90
G17: =_!O12
A18: Based on 3000 Spins | C18: 13 | D18: Diamondmond | F18: =_!N13 | G18: =_!O13 | H18: =_!P13 | I18: =_!Q13 | J18: =_!R13 | K18: =_!S13
A19: Bingo Level | B19: Avg Bingo Prize | C19: Amount per Symbol | D19: Clear Reward | F19: =_!N14 | G19: =_!O14 | H19: =_!P14 | I19: =_!Q14 | J19: =_!R14 | K19: =_!S14
A20: 1 | B20: 435515.22 | C20: =B19/$C$17 | D20: 20 | F20: =_!N15 | G20: =_!O15 | H20: =_!P15 | I20: =_!Q15 | J20: =_!R15 | K20: =_!S15
A21: 2 | B21: 871030.45 | C21: =B20/$C$17 | D21: 30 | F21: =_!N16 | G21: =_!O16 | H21: =_!P16 | I21: =_!Q16 | J21: =_!R16 | K21: =_!S16
A22: 3 | B22: 1306545.7 | C22: =B21/$C$17 | D22: 40 | F22: =_!N17 | G22: =_!O17 | H22: =_!P17 | I22: =_!Q17 | J22: =_!R17 | K22: =_!S17
A23: 4 | B23: 2177576.1 | C23: =B22/$C$17 | D23: 60 | F23: =_!N18 | G23: =_!O18 | H23: =_!P18 | I23: =_!Q18 | J23: =_!R18 | K23: =_!S18
A24: 5 | B24: 2613091.3 | C24: =B23/$C$17 | D24: 70 | F24: =_!N19 | G24: =_!O19 | H24: =_!P19 | I24: =_!Q19 | J24: =_!R19 | K24: =_!S19
A25: 6 | B25: 3048606.6 | C25: =B24/$C$17 | D25: 100 | F25: =_!N20 | G25: =_!O20 | H25: =_!P20 | I25: =_!Q20 | J25: =_!R20 | K25: =_!S20
A26: 7 | B26: 3484121.8 | C26: =B25/$C$17 | D26: 150 | F26: =_!N21 | G26: =_!O21 | H26: =_!P21 | I26: =_!Q21 | J26: =_!R21 | K26: =_!S21
A27: 8 | B27: 4355152.2 | C27: =B26/$C$17 | D27: 200 | F27: =_!N22 | G27: =_!O22 | H27: =_!P22 | I27: =_!Q22 | J27: =_!R22 | K27: =_!S22
F28: =_!G19 | G28: =_!H19 | H28: =_!I19 | I28: =_!J19 | J28: =_!K19 | K28: =_!L19 | L28: Base Coin
G29: =_!H20 | H29: =_!I20 | I29: =_!J20 | J29: =_!K20 | K29: =_!L20 | L29: Bingo Coin Expected Value
G30: =_!H21 | H30: =_!I21 | I30: =_!J21 | J30: =_!K21 | K30: =_!L21 | L30: Total
G31: =_!H22 | H31: =_!I22 | I31: =_!J22 | J31: =_!K22 | K31: =_!L22
F32: =_!G23 | G32: =_!H23
A34: Added to Prize Window Diamond Composition | L34: Bingo Position Expected Value
A35: Prize | B35: Count | C35: Expected Value | D35: C1 | E35: C2 | F35: C3 | G35: C4 | H35: C5 | I35: C6 | J35: C7 | L35: =_!N2 | M35: =_!O2 | N35: =_!P2 | O35: =_!Q2 | P35: =_!R2 | Q35: =_!S2 | R35: Multi | T35: ='Control Panel'!M9 | U35: ='Control Panel'!N9 | V35: ='Control Panel'!O9 | W35: ='Control Panel'!P9 | X35: ='Control Panel'!Q9 | Y35: ='Control Panel'!R9 | Z35: ='Control Panel'!S9 | AA35: ='Control Panel'!T9 | AB35: ='Control Panel'!U9
A36: Unreleased | B36: Unreleased | C36: Unreleased | D36: Unreleased | E36: Unreleased | F36: Unreleased | G36: Unreleased | H36: Unreleased | I36: Unreleased | J36: Unreleased | L36: =_!N3 | M36: ='Control Panel'!AA19 | N36: ='Control Panel'!AA34 | O36: ='Control Panel'!AA49 | P36: ='Control Panel'!AA64 | Q36: ='Control Panel'!AA79 | R36: ='Control Panel'!V10 | T36: ='Control Panel'!M10 | U36: ='Control Panel'!N10 | V36: ='Control Panel'!O10 | W36: ='Control Panel'!P10 | X36: ='Control Panel'!Q10 | Y36: ='Control Panel'!R10 | Z36: ='Control Panel'!S10 | AA36: ='Control Panel'!T10 | AB36: ='Control Panel'!U10
A37: Unreleased | B37: Unreleased | C37: Unreleased | D37: Unreleased | E37: Unreleased | F37: Unreleased | G37: Unreleased | H37: Unreleased | I37: Unreleased | J37: Unreleased | L37: =_!N4 | M37: ='Control Panel'!AG19 | N37: ='Control Panel'!AG34 | O37: ='Control Panel'!AG49 | P37: ='Control Panel'!AG64 | Q37: ='Control Panel'!AG79 | R37: ='Control Panel'!V11 | T37: ='Control Panel'!M11 | U37: ='Control Panel'!N11 | V37: ='Control Panel'!O11 | W37: ='Control Panel'!P11 | X37: ='Control Panel'!Q11 | Y37: ='Control Panel'!R11 | Z37: ='Control Panel'!S11 | AA37: ='Control Panel'!T11 | AB37: ='Control Panel'!U11
A38: Unreleased | B38: Unreleased | C38: Unreleased | D38: Unreleased | E38: Unreleased | F38: Unreleased | G38: Unreleased | H38: Unreleased | I38: Unreleased | J38: Unreleased | L38: =_!N5 | M38: ='Control Panel'!AM19 | N38: ='Control Panel'!AM34 | O38: ='Control Panel'!AM49 | P38: ='Control Panel'!AM64 | Q38: ='Control Panel'!AM79 | R38: ='Control Panel'!V12 | T38: ='Control Panel'!M12 | U38: ='Control Panel'!N12 | V38: ='Control Panel'!O12 | W38: ='Control Panel'!P12 | X38: ='Control Panel'!Q12 | Y38: ='Control Panel'!R12 | Z38: ='Control Panel'!S12 | AA38: ='Control Panel'!T12 | AB38: ='Control Panel'!U12
A39: Unreleased | B39: Unreleased | C39: Unreleased | D39: Unreleased | E39: Unreleased | F39: Unreleased | G39: Unreleased | H39: Unreleased | I39: Unreleased | J39: Unreleased | L39: =_!N6 | M39: ='Control Panel'!AS19 | N39: ='Control Panel'!AS34 | O39: ='Control Panel'!AS49 | P39: ='Control Panel'!AS64 | Q39: ='Control Panel'!AS79 | R39: ='Control Panel'!V13 | T39: ='Control Panel'!M13 | U39: ='Control Panel'!N13 | V39: ='Control Panel'!O13 | W39: ='Control Panel'!P13 | X39: ='Control Panel'!Q13 | Y39: ='Control Panel'!R13 | Z39: ='Control Panel'!S13 | AA39: ='Control Panel'!T13 | AB39: ='Control Panel'!U13
A40: Unreleased | B40: Unreleased | C40: Unreleased | D40: Unreleased | E40: Unreleased | F40: Unreleased | G40: Unreleased | H40: Unreleased | I40: Unreleased | J40: Unreleased | L40: =_!N7 | M40: ='Control Panel'!AA26 | N40: ='Control Panel'!AA41 | O40: ='Control Panel'!AA56 | P40: ='Control Panel'!AA71 | Q40: ='Control Panel'!AA86 | R40: ='Control Panel'!V14 | T40: ='Control Panel'!M14 | U40: ='Control Panel'!N14 | V40: ='Control Panel'!O14 | W40: ='Control Panel'!P14 | X40: ='Control Panel'!Q14 | Y40: ='Control Panel'!R14 | Z40: ='Control Panel'!S14 | AA40: ='Control Panel'!T14 | AB40: ='Control Panel'!U14
A41: Unreleased | B41: Unreleased | C41: Unreleased | D41: Unreleased | E41: Unreleased | F41: Unreleased | G41: Unreleased | H41: Unreleased | I41: Unreleased | J41: Unreleased | L41: =_!N8 | M41: ='Control Panel'!AG26 | N41: ='Control Panel'!AG41 | O41: ='Control Panel'!AG56 | P41: ='Control Panel'!AG71 | Q41: ='Control Panel'!AG86 | R41: ='Control Panel'!V15 | T41: ='Control Panel'!M15 | U41: ='Control Panel'!N15 | V41: ='Control Panel'!O15 | W41: ='Control Panel'!P15 | X41: ='Control Panel'!Q15 | Y41: ='Control Panel'!R15 | Z41: ='Control Panel'!S15 | AA41: ='Control Panel'!T15 | AB41: ='Control Panel'!U15
A42: Unreleased | B42: Unreleased | C42: Unreleased | D42: Unreleased | E42: Unreleased | F42: Unreleased | G42: Unreleased | H42: Unreleased | I42: Unreleased | J42: Unreleased | L42: =_!N9 | M42: ='Control Panel'!AM26 | N42: ='Control Panel'!AM41 | O42: ='Control Panel'!AM56 | P42: ='Control Panel'!AM71 | Q42: ='Control Panel'!AM86 | R42: ='Control Panel'!V16 | T42: ='Control Panel'!M16 | U42: ='Control Panel'!N16 | V42: ='Control Panel'!O16 | W42: ='Control Panel'!P16 | X42: ='Control Panel'!Q16 | Y42: ='Control Panel'!R16 | Z42: ='Control Panel'!S16 | AA42: ='Control Panel'!T16 | AB42: ='Control Panel'!U16
A43: Unreleased | B43: Unreleased | C43: Unreleased | D43: Unreleased | E43: Unreleased | F43: Unreleased | G43: Unreleased | H43: Unreleased | I43: Unreleased | J43: Unreleased | L43: =_!N10 | M43: ='Control Panel'!AS26 | N43: ='Control Panel'!AS41 | O43: ='Control Panel'!AS56 | P43: ='Control Panel'!AS71 | Q43: ='Control Panel'!AS86 | R43: ='Control Panel'!V17 | T43: ='Control Panel'!M17 | U43: ='Control Panel'!N17 | V43: ='Control Panel'!O17 | W43: ='Control Panel'!P17 | X43: ='Control Panel'!Q17 | Y43: ='Control Panel'!R17 | Z43: ='Control Panel'!S17 | AA43: ='Control Panel'!T17 | AB43: ='Control Panel'!U17
A44: Unreleased | B44: Unreleased | C44: Unreleased | D44: Unreleased | E44: Unreleased | F44: Unreleased | G44: Unreleased | H44: Unreleased | I44: Unreleased | J44: Unreleased | L44: Daily Expected Value | M44: ='Control Panel'!M90 | N44: ='Control Panel'!N90 | O44: ='Control Panel'!O90 | P44: ='Control Panel'!P90 | Q44: ='Control Panel'!Q90
T46: Bingo Reward Probability Table
M47: ='Control Panel'!M30 | N47: ='Control Panel'!N30 | O47: ='Control Panel'!O30 | P47: ='Control Panel'!P30 | Q47: ='Control Panel'!Q30 | T47: 1 | U47: 2 | V47: 3 | W47: 4 | X47: 5 | Y47: 6 | Z47: 7 | AA47: 8 | AB47: 9
L48: ='Control Panel'!L31 | M48: ='Control Panel'!M31 | N48: ='Control Panel'!N31 | O48: ='Control Panel'!O31 | P48: ='Control Panel'!P31 | Q48: ='Control Panel'!Q31 | T48: Gem | U48: Grand | V48: Mega | W48: Major | X48: Minor | Y48: Mini | Z48: Coin1 | AA48: Coin2 | AB48: Coin3
M49: ='Control Panel'!M32 | N49: ='Control Panel'!N32 | O49: ='Control Panel'!O32 | P49: ='Control Panel'!P32 | Q49: ='Control Panel'!Q32 | R49: ='Control Panel'!R32 | T49: ='Control Panel'!L4 | U49: ='Control Panel'!M4 | V49: ='Control Panel'!N4 | W49: ='Control Panel'!O4 | X49: ='Control Panel'!P4 | Y49: ='Control Panel'!Q4 | Z49: ='Control Panel'!R4 | AA49: ='Control Panel'!S4 | AB49: ='Control Panel'!T4 | AC49: 10000
L50: ='Control Panel'!L33 | M50: ='Control Panel'!M33 | N50: ='Control Panel'!N33 | O50: ='Control Panel'!O33 | P50: ='Control Panel'!P33 | Q50: ='Control Panel'!Q33 | R50: ='Control Panel'!R33 | T50: ='Control Panel'!L5 | U50: ='Control Panel'!M5 | V50: ='Control Panel'!N5 | W50: ='Control Panel'!O5 | X50: ='Control Panel'!P5 | Y50: ='Control Panel'!Q5 | Z50: ='Control Panel'!R5 | AA50: ='Control Panel'!S5 | AB50: ='Control Panel'!T5
L51: ='Control Panel'!L34 | M51: ='Control Panel'!M34 | N51: ='Control Panel'!N34 | O51: ='Control Panel'!O34 | P51: ='Control Panel'!P34 | Q51: ='Control Panel'!Q34 | R51: ='Control Panel'!R34
L52: ='Control Panel'!L35 | M52: ='Control Panel'!M35 | N52: ='Control Panel'!N35 | O52: ='Control Panel'!O35 | P52: ='Control Panel'!P35 | Q52: ='Control Panel'!Q35 | R52: ='Control Panel'!R35
L53: ='Control Panel'!L36 | M53: ='Control Panel'!M36 | N53: ='Control Panel'!N36 | O53: ='Control Panel'!O36 | P53: ='Control Panel'!P36 | Q53: ='Control Panel'!Q36 | R53: ='Control Panel'!R36
L54: ='Control Panel'!L37 | M54: ='Control Panel'!M37 | N54: ='Control Panel'!N37 | O54: ='Control Panel'!O37 | P54: ='Control Panel'!P37 | Q54: ='Control Panel'!Q37 | R54: ='Control Panel'!R37
L55: ='Control Panel'!L38 | M55: ='Control Panel'!M38 | N55: ='Control Panel'!N38 | O55: ='Control Panel'!O38 | P55: ='Control Panel'!P38 | Q55: ='Control Panel'!Q38 | R55: ='Control Panel'!R38
L56: ='Control Panel'!L39 | M56: ='Control Panel'!M39 | N56: ='Control Panel'!N39 | O56: ='Control Panel'!O39 | P56: ='Control Panel'!P39 | Q56: ='Control Panel'!Q39 | R56: ='Control Panel'!R39
L57: ='Control Panel'!L40 | M57: ='Control Panel'!M40 | N57: ='Control Panel'!N40 | O57: ='Control Panel'!O40 | P57: ='Control Panel'!P40 | Q57: ='Control Panel'!Q40 | R57: ='Control Panel'!R40
M58: ='Control Panel'!M41 | N58: ='Control Panel'!N41 | O58: ='Control Panel'!O41 | P58: ='Control Panel'!P41 | Q58: ='Control Panel'!Q41

Sheet Control Panel
A1: CONFIDENTIAL — Shared for portfolio review purposes only. All game content is the property of its respective studio.
B2: Collect | C2: 50 | D2: Miss | E2: =1000-C1 | F2: <- Appearance Probability Setting | I2: =E1/C1 | L2: Bingo Reward Probability Table | AA2: B5 | AB2: <-- | AC2: B1 | AD2: B2 | AE2: B3 | AF2: B4 | AG2: B5 | AH2: <- Bet Range Input
L3: 1 | M3: 2 | N3: 3 | O3: 4 | P3: 5 | Q3: 6 | R3: 7 | S3: 8 | T3: 9
B4: Multi | D4: 1.25 | E4: 1.5 | F4: 2 | G4: 2.5 | H4: 3 | I4: 4 | L4: Gem | M4: Grand | N4: Mega | O4: Major | P4: Minor | Q4: Mini | R4: Coin1 | S4: Coin2 | T4: Coin3 | Z4: =SUM(AA4:AE8,AG4:AK8,AM4:AQ8,AS4:AW8,AA11:AE15,AG11:AK15,AM11:AQ15,AS11:AW15)-SUM(AC6,AI6,AO6,AU6,AC13,AI13,AO13,AU13) | AA4: =AA18 | AG4: Level2 | AM4: Level3 | AS4: Level4
B5: Class | C5: 1 | D5: 2 | E5: 3 | F5: 4 | G5: 5 | H5: 6 | I5: 7 | J5: Average | L5: 0 | M5: 5 | N5: =Q20 | O5: =Q21 | P5: =Q22 | Q5: =Q23 | R5: =Q24 | S5: =Q25 | T5: 1732 | U5: =SUM(L4:T4) | V5: <-Bingo Coin Appearance Probability Setting | AA5: =ROUND(IF($AA$1="B1", AA19, IF($AA$1="B2", AA34, IF($AA$1="B3", AA49, IF($AA$1="B4", AA64, IF($AA$1="B5", AA79, ""))))), 0) | AB5: =AA4 | AC5: =AB4 | AD5: =AC4 | AE5: =AD4 | AG5: =ROUND(IF($AA$1="B1", AG19, IF($AA$1="B2", AG34, IF($AA$1="B3", AG49, IF($AA$1="B4", AG64, IF($AA$1="B5", AG79, ""))))), 0) | AH5: =AG4 | AI5: =AH4 | AJ5: =AI4 | AK5: =AJ4 | AM5: =ROUND(IF($AA$1="B1", AM19, IF($AA$1="B2", AM34, IF($AA$1="B3", AM49, IF($AA$1="B4", AM64, IF($AA$1="B5", AM79, ""))))), 0) | AN5: =AM4 | AO5: =AN4 | AP5: =AO4 | AQ5: =AP4 | AS5: =ROUND(IF($AA$1="B1", AS19, IF($AA$1="B2", AS34, IF($AA$1="B3", AS49, IF($AA$1="B4", AS64, IF($AA$1="B5", AS79, ""))))), 0) | AT5: =AS4 | AU5: =AT4 | AV5: =AU4 | AW5: =AV4 | DG5: =ROUNDDOWN(#REF!,0) | DH5: =ROUNDDOWN(#REF!,0) | DI5: =ROUNDDOWN(#REF!,0) | DJ5: =ROUNDDOWN(#REF!,0) | DK5: =ROUNDDOWN(#REF!,0) | DM5: =ROUNDDOWN(#REF!,0) | DN5: =ROUNDDOWN(#REF!,0) | DO5: =ROUNDDOWN(#REF!,0) | DP5: =ROUNDDOWN(#REF!,0) | DQ5: =ROUNDDOWN(#REF!,0) | DS5: =ROUNDDOWN(#REF!,0) | DT5: =ROUNDDOWN(#REF!,0) | DU5: =ROUNDDOWN(#REF!,0) | DV5: =ROUNDDOWN(#REF!,0) | DW5: =ROUNDDOWN(#REF!,0) | DY5: =ROUNDDOWN(#REF!,0) | DZ5: =ROUNDDOWN(#REF!,0) | EA5: =ROUNDDOWN(#REF!,0) | EB5: =ROUNDDOWN(#REF!,0) | EC5: =ROUNDDOWN(#REF!,0)
B6: Avg Bet | C6: =BACK!F3 | D6: =BACK!F4 | E6: =BACK!F5 | F6: =BACK!F6 | G6: =BACK!F7 | H6: =BACK!F8 | I6: =BACK!F9 | J6: =AVERAGE(C5:I5) | L6: Expected Value | M6: =AVERAGE(N10:N17)*M4/10000 | N6: =AVERAGE(O10:O17)*N4/10000 | O6: =AVERAGE(P10:P17)*O4/10000 | P6: =AVERAGE(Q10:Q17)*P4/10000 | Q6: =AVERAGE(R10:R17)*Q4/10000 | R6: =AVERAGE(S10:S17)*R4/10000 | S6: =AVERAGE(T10:T17)*S4/10000 | T6: =AVERAGE(U10:U17)*T4/10000 | AA6: =AA4 | AB6: =AA5 | AC6: =AB5 | AD6: =AC5 | AE6: =AD5 | AG6: =AG4 | AH6: =AG5 | AI6: =AH5 | AJ6: =AI5 | AK6: =AJ5 | AM6: =AM4 | AN6: =AM5 | AO6: =AN5 | AP6: =AO5 | AQ6: =AP5 | AS6: =AS4 | AT6: =AS5 | AU6: =AT5 | AV6: =AU5 | AW6: =AV5 | DG6: =ROUNDDOWN(#REF!,0) | DH6: =ROUNDDOWN(#REF!,0) | DI6: =ROUNDDOWN(#REF!,0) | DJ6: =ROUNDDOWN(#REF!,0) | DK6: =ROUNDDOWN(#REF!,0) | DM6: =ROUNDDOWN(#REF!,0) | DN6: =ROUNDDOWN(#REF!,0) | DO6: =ROUNDDOWN(#REF!,0) | DP6: =ROUNDDOWN(#REF!,0) | DQ6: =ROUNDDOWN(#REF!,0) | DS6: =ROUNDDOWN(#REF!,0) | DT6: =ROUNDDOWN(#REF!,0) | DU6: =ROUNDDOWN(#REF!,0) | DV6: =ROUNDDOWN(#REF!,0) | DW6: =ROUNDDOWN(#REF!,0) | DY6: =ROUNDDOWN(#REF!,0) | DZ6: =ROUNDDOWN(#REF!,0) | EA6: =ROUNDDOWN(#REF!,0) | EB6: =ROUNDDOWN(#REF!,0) | EC6: =ROUNDDOWN(#REF!,0)
B7: Avg Spins | C7: =BACK!D3 | D7: =BACK!D4 | E7: =BACK!D5 | F7: =BACK!D6 | G7: =BACK!D7 | H7: =BACK!D8 | I7: =BACK!D9 | J7: 305 | AA7: =AA5 | AB7: =AA6 | AC7: =AB6 | AD7: =AC6 | AE7: =AD6 | AG7: =AG5 | AH7: =AG6 | AI7: =AH6 | AJ7: =AI6 | AK7: =AJ6 | AM7: =AM5 | AN7: =AM6 | AO7: =AN6 | AP7: =AO6 | AQ7: =AP6 | AS7: =AS5 | AT7: =AS6 | AU7: =AT6 | AV7: =AU6 | AW7: =AV6 | DG7: =ROUNDDOWN(#REF!,0) | DH7: =ROUNDDOWN(#REF!,0) | DJ7: =ROUNDDOWN(#REF!,0) | DK7: =ROUNDDOWN(#REF!,0) | DM7: =ROUNDDOWN(#REF!,0) | DN7: =ROUNDDOWN(#REF!,0) | DP7: =ROUNDDOWN(#REF!,0) | DQ7: =ROUNDDOWN(#REF!,0) | DS7: =ROUNDDOWN(#REF!,0) | DT7: =ROUNDDOWN(#REF!,0) | DV7: =ROUNDDOWN(#REF!,0) | DW7: =ROUNDDOWN(#REF!,0) | DY7: =ROUNDDOWN(#REF!,0) | DZ7: =ROUNDDOWN(#REF!,0) | EB7: =ROUNDDOWN(#REF!,0) | EC7: =ROUNDDOWN(#REF!,0)
B8: Attendance Rate | C8: =BACK!L3 | D8: =BACK!L4 | E8: =BACK!L5 | F8: =BACK!L6 | G8: =BACK!L7 | H8: =BACK!L8 | I8: =BACK!L9 | J8: =AVERAGE(C7:I7) | M8: Bingo Reward Amount Table | AA8: =AA6 | AB8: =AA7 | AC8: =AB7 | AD8: =AC7 | AE8: =AD7 | AG8: =AG6 | AH8: =AG7 | AI8: =AH7 | AJ8: =AI7 | AK8: =AJ7 | AM8: =AM6 | AN8: =AM7 | AO8: =AN7 | AP8: =AO7 | AQ8: =AP7 | AS8: =AS6 | AT8: =AS7 | AU8: =AT7 | AV8: =AU7 | AW8: =AV7 | DG8: =ROUNDDOWN(#REF!,0) | DH8: =ROUNDDOWN(#REF!,0) | DI8: =ROUNDDOWN(#REF!,0) | DJ8: =ROUNDDOWN(#REF!,0) | DK8: =ROUNDDOWN(#REF!,0) | DM8: =ROUNDDOWN(#REF!,0) | DN8: =ROUNDDOWN(#REF!,0) | DO8: =ROUNDDOWN(#REF!,0) | DP8: =ROUNDDOWN(#REF!,0) | DQ8: =ROUNDDOWN(#REF!,0) | DS8: =ROUNDDOWN(#REF!,0) | DT8: =ROUNDDOWN(#REF!,0) | DU8: =ROUNDDOWN(#REF!,0) | DV8: =ROUNDDOWN(#REF!,0) | DW8: =ROUNDDOWN(#REF!,0) | DY8: =ROUNDDOWN(#REF!,0) | DZ8: =ROUNDDOWN(#REF!,0) | EA8: =ROUNDDOWN(#REF!,0) | EB8: =ROUNDDOWN(#REF!,0) | EC8: =ROUNDDOWN(#REF!,0)
B9: Population Ratio | C9: 0.10023293 | D9: 0.23502893 | E9: 0.30858817 | F9: 0.2179728 | G9: 0.099932377 | H9: 0.025471485 | I9: 0.012773311 | M9: 1 | N9: 2 | O9: 3 | P9: 4 | Q9: 5 | R9: 6 | S9: 7 | T9: 8 | U9: 9 | AA9: =AA7 | AB9: =AA8 | AC9: =AB8 | AD9: =AC8 | AE9: =AD8 | AG9: =AG7 | AH9: =AG8 | AI9: =AH8 | AJ9: =AI8 | AK9: =AJ8 | AM9: =AM7 | AN9: =AM8 | AO9: =AN8 | AP9: =AO8 | AQ9: =AP8 | AS9: =AS7 | AT9: =AS8 | AU9: =AT8 | AV9: =AU8 | AW9: =AV8 | DG9: =ROUNDDOWN(#REF!,0) | DH9: =ROUNDDOWN(#REF!,0) | DI9: =ROUNDDOWN(#REF!,0) | DJ9: =ROUNDDOWN(#REF!,0) | DK9: =ROUNDDOWN(#REF!,0) | DM9: =ROUNDDOWN(#REF!,0) | DN9: =ROUNDDOWN(#REF!,0) | DO9: =ROUNDDOWN(#REF!,0) | DP9: =ROUNDDOWN(#REF!,0) | DQ9: =ROUNDDOWN(#REF!,0) | DS9: =ROUNDDOWN(#REF!,0) | DT9: =ROUNDDOWN(#REF!,0) | DU9: =ROUNDDOWN(#REF!,0) | DV9: =ROUNDDOWN(#REF!,0) | DW9: =ROUNDDOWN(#REF!,0) | DY9: =ROUNDDOWN(#REF!,0) | DZ9: =ROUNDDOWN(#REF!,0) | EA9: =ROUNDDOWN(#REF!,0) | EB9: =ROUNDDOWN(#REF!,0) | EC9: =ROUNDDOWN(#REF!,0)
A10: No. | B10: Total Bet | C10: BET Range | D10: BET Range | E10: BET Range | F10: BET Range | G10: BET Range | H10: BET Range | I10: BET Range | L10: Level | M10: Default Center Diamond | N10: Grand | O10: Mega | P10: Major | Q10: Minor | R10: Mini | S10: Coin1 | T10: Coin2 | U10: Coin3 | V10: Multi | W10: =#REF! | X10: Expected Value | Y10: Bingo Win Expected Value | DJ10: =SUM(DG11:DK15) | DP10: =SUM(DM11:DQ15) | DV10: =SUM(DS11:DW15) | EB10: =SUM(DY11:EC15)
A11: 1 | B11: 10000 Under | C11: 0 | D11: 0 | E11: 0 | F11: 0 | G11: 0 | H11: 0 | I11: 0 | L11: 1 | M11: 200000 | N11: 100000000 | O11: 3000000 | P11: 1000000 | Q11: 300000 | R11: 100000 | S11: 30000 | T11: 50000 | U11: 70000 | V11: 1 | W11: =$W$9/V10 | X11: =SUM($M10/3,($N10*$M$4)/1000,($O10*$N$4)/1000,($P10*$O$4)/1000,($Q10*$P$4)/1000,($R10*$Q$4)/1000,($S10*$R$4)/1000,($T10*$S$4)/1000,($U10*$T$4)/1000) | Y11: =X10*5 | Z11: <- Reward Value Setting | AA11: =AA25 | AG11: Level6 | AM11: Level7 | AS11: Level8 | DG11: Level5 | DM11: Level6 | DS11: Level7 | DY11: Level8
A12: 2 | B12: 10000 | C12: 1 | D12: 0 | E12: 0 | F12: 0 | G12: 0 | H12: 0 | I12: 0 | L12: 2 | M12: =M$10*V11 | N12: 100000000 | O12: =(O$10*$V11) | P12: =(P$10*$V11) | Q12: =(Q$10*$V11) | R12: =(R$10*$V11) | S12: =(S$10*$V11) | T12: =(T$10*$V11) | U12: =(U$10*$V11) | V12: 2 | W12: =$W$9/V11 | X12: =SUM($M11/3,($N11*$M$4)/1000,($O11*$N$4)/1000,($P11*$O$4)/1000,($Q11*$P$4)/1000,($R11*$Q$4)/1000,($S11*$R$4)/1000,($T11*$S$4)/1000,($U11*$T$4)/1000) | Y12: =X11*5 | AA12: =ROUND(IF($AA$1="B1", AA26, IF($AA$1="B2", AA41, IF($AA$1="B3", AA56, IF($AA$1="B4", AA71, IF($AA$1="B5", AA86, ""))))), 0) | AB12: =AA11 | AC12: =AB11 | AD12: =AC11 | AE12: =AD11 | AG12: =ROUND(IF($AA$1="B1", AG26, IF($AA$1="B2", AG41, IF($AA$1="B3", AG56, IF($AA$1="B4", AG71, IF($AA$1="B5", AG86, ""))))), 0) | AH12: =AG11 | AI12: =AH11 | AJ12: =AI11 | AK12: =AJ11 | AM12: =ROUND(IF($AA$1="B1", AM26, IF($AA$1="B2", AM41, IF($AA$1="B3", AM56, IF($AA$1="B4", AM71, IF($AA$1="B5", AM86, ""))))), 0) | AN12: =AM11 | AO12: =AN11 | AP12: =AO11 | AQ12: =AP11 | AS12: =ROUND(IF($AA$1="B1", AS26, IF($AA$1="B2", AS41, IF($AA$1="B3", AS56, IF($AA$1="B4", AS71, IF($AA$1="B5", AS86, ""))))), 0) | AT12: =AS11 | AU12: =AT11 | AV12: =AU11 | AW12: =AV11 | DG12: =ROUNDDOWN(#REF!,0) | DH12: =ROUNDDOWN(#REF!,0) | DI12: =ROUNDDOWN(#REF!,0) | DJ12: =ROUNDDOWN(#REF!,0) | DK12: =ROUNDDOWN(#REF!,0) | DM12: =ROUNDDOWN(#REF!,0) | DN12: =ROUNDDOWN(#REF!,0) | DO12: =ROUNDDOWN(#REF!,0) | DP12: =ROUNDDOWN(#REF!,0) | DQ12: =ROUNDDOWN(#REF!,0) | DS12: =ROUNDDOWN(#REF!,0) | DT12: =ROUNDDOWN(#REF!,0) | DU12: =ROUNDDOWN(#REF!,0) | DV12: =ROUNDDOWN(#REF!,0) | DW12: =ROUNDDOWN(#REF!,0) | DY12: =ROUNDDOWN(#REF!,0) | DZ12: =ROUNDDOWN(#REF!,0) | EA12: =ROUNDDOWN(#REF!,0) | EB12: =ROUNDDOWN(#REF!,0) | EC12: =ROUNDDOWN(#REF!,0)
A13: 3 | B13: 50000 | C13: 1 | D13: 1 | E13: 0 | F13: 0 | G13: 0 | H13: 0 | I13: 0 | L13: 3 | M13: =M$10*V12 | N13: 100000000 | O13: =(O$10*$V12) | P13: =(P$10*$V12) | Q13: =(Q$10*$V12) | R13: =(R$10*$V12) | S13: =(S$10*$V12) | T13: =(T$10*$V12) | U13: =(U$10*$V12) | V13: 3 | W13: =$W$9/V12 | X13: =SUM($M12/3,($N12*$M$4)/1000,($O12*$N$4)/1000,($P12*$O$4)/1000,($Q12*$P$4)/1000,($R12*$Q$4)/1000,($S12*$R$4)/1000,($T12*$S$4)/1000,($U12*$T$4)/1000) | Y13: =X12*5 | AA13: =AA11 | AB13: =AA12 | AC13: =AB12 | AD13: =AC12 | AE13: =AD12 | AG13: =AG11 | AH13: =AG12 | AI13: =AH12 | AJ13: =AI12 | AK13: =AJ12 | AM13: =AM11 | AN13: =AM12 | AO13: =AN12 | AP13: =AO12 | AQ13: =AP12 | AS13: =AS11 | AT13: =AS12 | AU13: =AT12 | AV13: =AU12 | AW13: =AV12 | DG13: =ROUNDDOWN(#REF!,0) | DH13: =ROUNDDOWN(#REF!,0) | DI13: =ROUNDDOWN(#REF!,0) | DJ13: =ROUNDDOWN(#REF!,0) | DK13: =ROUNDDOWN(#REF!,0) | DM13: =ROUNDDOWN(#REF!,0) | DN13: =ROUNDDOWN(#REF!,0) | DO13: =ROUNDDOWN(#REF!,0) | DP13: =ROUNDDOWN(#REF!,0) | DQ13: =ROUNDDOWN(#REF!,0) | DS13: =ROUNDDOWN(#REF!,0) | DT13: =ROUNDDOWN(#REF!,0) | DU13: =ROUNDDOWN(#REF!,0) | DV13: =ROUNDDOWN(#REF!,0) | DW13: =ROUNDDOWN(#REF!,0) | DY13: =ROUNDDOWN(#REF!,0) | DZ13: =ROUNDDOWN(#REF!,0) | EA13: =ROUNDDOWN(#REF!,0) | EB13: =ROUNDDOWN(#REF!,0) | EC13: =ROUNDDOWN(#REF!,0)
A14: 4 | B14: 100000 | C14: 2 | D14: 1 | E14: 1 | F14: 1 | G14: 1 | H14: 0 | I14: 0 | L14: 4 | M14: =M$10*V13 | N14: 100000000 | O14: =(O$10*$V13) | P14: =(P$10*$V13) | Q14: =(Q$10*$V13) | R14: =(R$10*$V13) | S14: =(S$10*$V13) | T14: =(T$10*$V13) | U14: =(U$10*$V13) | V14: 5 | W14: =$W$9/V13 | X14: =SUM($M13/3,($N13*$M$4)/1000,($O13*$N$4)/1000,($P13*$O$4)/1000,($Q13*$P$4)/1000,($R13*$Q$4)/1000,($S13*$R$4)/1000,($T13*$S$4)/1000,($U13*$T$4)/1000) | Y14: =X13*5 | AA14: =AA12 | AB14: =AA13 | AC14: =AB13 | AD14: =AC13 | AE14: =AD13 | AG14: =AG12 | AH14: =AG13 | AI14: =AH13 | AJ14: =AI13 | AK14: =AJ13 | AM14: =AM12 | AN14: =AM13 | AO14: =AN13 | AP14: =AO13 | AQ14: =AP13 | AS14: =AS12 | AT14: =AS13 | AU14: =AT13 | AV14: =AU13 | AW14: =AV13 | DG14: =ROUNDDOWN(#REF!,0) | DH14: =ROUNDDOWN(#REF!,0) | DJ14: =ROUNDDOWN(#REF!,0) | DK14: =ROUNDDOWN(#REF!,0) | DM14: =ROUNDDOWN(#REF!,0) | DN14: =ROUNDDOWN(#REF!,0) | DP14: =ROUNDDOWN(#REF!,0) | DQ14: =ROUNDDOWN(#REF!,0) | DS14: =ROUNDDOWN(#REF!,0) | DT14: =ROUNDDOWN(#REF!,0) | DV14: =ROUNDDOWN(#REF!,0) | DW14: =ROUNDDOWN(#REF!,0) | DY14: =ROUNDDOWN(#REF!,0) | DZ14: =ROUNDDOWN(#REF!,0) | EB14: =ROUNDDOWN(#REF!,0) | EC14: =ROUNDDOWN(#REF!,0)
A15: 5 | B15: 200000 | C15: 2 | D15: 1 | E15: 1 | F15: 1 | G15: 1 | H15: 1 | I15: 0 | L15: 5 | M15: =M$10*V14 | N15: 100000000 | O15: =(O$10*$V14) | P15: =(P$10*$V14) | Q15: =(Q$10*$V14) | R15: =(R$10*$V14) | S15: =(S$10*$V14) | T15: =(T$10*$V14) | U15: =(U$10*$V14) | V15: 6 | W15: =$W$9/V14 | X15: =SUM($M14/3,($N14*$M$4)/1000,($O14*$N$4)/1000,($P14*$O$4)/1000,($Q14*$P$4)/1000,($R14*$Q$4)/1000,($S14*$R$4)/1000,($T14*$S$4)/1000,($U14*$T$4)/1000) | Y15: =X14*5 | AA15: =AA13 | AB15: =AA14 | AC15: =AB14 | AD15: =AC14 | AE15: =AD14 | AG15: =AG13 | AH15: =AG14 | AI15: =AH14 | AJ15: =AI14 | AK15: =AJ14 | AM15: =AM13 | AN15: =AM14 | AO15: =AN14 | AP15: =AO14 | AQ15: =AP14 | AS15: =AS13 | AT15: =AS14 | AU15: =AT14 | AV15: =AU14 | AW15: =AV14 | DG15: =ROUNDDOWN(#REF!,0) | DH15: =ROUNDDOWN(#REF!,0) | DI15: =ROUNDDOWN(#REF!,0) | DJ15: =ROUNDDOWN(#REF!,0) | DK15: =ROUNDDOWN(#REF!,0) | DM15: =ROUNDDOWN(#REF!,0) | DN15: =ROUNDDOWN(#REF!,0) | DO15: =ROUNDDOWN(#REF!,0) | DP15: =ROUNDDOWN(#REF!,0) | DQ15: =ROUNDDOWN(#REF!,0) | DS15: =ROUNDDOWN(#REF!,0) | DT15: =ROUNDDOWN(#REF!,0) | DU15: =ROUNDDOWN(#REF!,0) | DV15: =ROUNDDOWN(#REF!,0) | DW15: =ROUNDDOWN(#REF!,0) | DY15: =ROUNDDOWN(#REF!,0) | DZ15: =ROUNDDOWN(#REF!,0) | EA15: =ROUNDDOWN(#REF!,0) | EB15: =ROUNDDOWN(#REF!,0) | EC15: =ROUNDDOWN(#REF!,0)
A16: 6 | B16: 300000 | C16: 3 | D16: 2 | E16: 1 | F16: 1 | G16: 1 | H16: 1 | I16: 1 | L16: 6 | M16: =M$10*V15 | N16: 100000000 | O16: =(O$10*$V15) | P16: =(P$10*$V15) | Q16: =(Q$10*$V15) | R16: =(R$10*$V15) | S16: =(S$10*$V15) | T16: =(T$10*$V15) | U16: =(U$10*$V15) | V16: 7 | W16: =$W$9/V15 | X16: =SUM($M15/3,($N15*$M$4)/1000,($O15*$N$4)/1000,($P15*$O$4)/1000,($Q15*$P$4)/1000,($R15*$Q$4)/1000,($S15*$R$4)/1000,($T15*$S$4)/1000,($U15*$T$4)/1000) | Y16: =X15*5 | AA16: =AA14 | AB16: =AA15 | AC16: =AB15 | AD16: =AC15 | AE16: =AD15 | AG16: =AG14 | AH16: =AG15 | AI16: =AH15 | AJ16: =AI15 | AK16: =AJ15 | AM16: =AM14 | AN16: =AM15 | AO16: =AN15 | AP16: =AO15 | AQ16: =AP15 | AS16: =AS14 | AT16: =AS15 | AU16: =AT15 | AV16: =AU15 | AW16: =AV15 | DG16: =ROUNDDOWN(#REF!,0) | DH16: =ROUNDDOWN(#REF!,0) | DI16: =ROUNDDOWN(#REF!,0) | DJ16: =ROUNDDOWN(#REF!,0) | DK16: =ROUNDDOWN(#REF!,0) | DM16: =ROUNDDOWN(#REF!,0) | DN16: =ROUNDDOWN(#REF!,0) | DO16: =ROUNDDOWN(#REF!,0) | DP16: =ROUNDDOWN(#REF!,0) | DQ16: =ROUNDDOWN(#REF!,0) | DS16: =ROUNDDOWN(#REF!,0) | DT16: =ROUNDDOWN(#REF!,0) | DU16: =ROUNDDOWN(#REF!,0) | DV16: =ROUNDDOWN(#REF!,0) | DW16: =ROUNDDOWN(#REF!,0) | DY16: =ROUNDDOWN(#REF!,0) | DZ16: =ROUNDDOWN(#REF!,0) | EA16: =ROUNDDOWN(#REF!,0) | EB16: =ROUNDDOWN(#REF!,0) | EC16: =ROUNDDOWN(#REF!,0)
A17: 7 | B17: 500000 | C17: 3 | D17: 3 | E17: 2 | F17: 2 | G17: 1 | H17: 1 | I17: 1 | L17: 7 | M17: =M$10*V16 | N17: 100000000 | O17: =(O$10*$V16) | P17: =(P$10*$V16) | Q17: =(Q$10*$V16) | R17: =(R$10*$V16) | S17: =(S$10*$V16) | T17: =(T$10*$V16) | U17: =(U$10*$V16) | V17: 8 | W17: =$W$9/V16 | X17: =SUM($M16/3,($N16*$M$4)/1000,($O16*$N$4)/1000,($P16*$O$4)/1000,($Q16*$P$4)/1000,($R16*$Q$4)/1000,($S16*$R$4)/1000,($T16*$S$4)/1000,($U16*$T$4)/1000) | Y17: =X16*5
A18: 8 | B18: 700000 | C18: 4 | D18: 4 | E18: 2 | F18: 2 | G18: 2 | H18: 1 | I18: 1 | L18: 8 | M18: =M$10*V17 | N18: 100000000 | O18: =(O$10*$V17) | P18: =(P$10*$V17) | Q18: =(Q$10*$V17) | R18: =(R$10*$V17) | S18: =(S$10*$V17) | T18: =(T$10*$V17) | U18: =(U$10*$V17) | V18: 10 | W18: =$W$9/V17 | X18: =SUM($M17/3,($N17*$M$4)/1000,($O17*$N$4)/1000,($P17*$O$4)/1000,($Q17*$P$4)/1000,($R17*$Q$4)/1000,($S17*$R$4)/1000,($T17*$S$4)/1000,($U17*$T$4)/1000) | Y18: =X17*5 | AA18: Bet Range 1
A19: 9 | B19: 1000000 | C19: 4 | D19: 4 | E19: 3 | F19: 3 | G19: 2 | H19: 2 | I19: 2 | Z19: =SUM(AA19:AE23,AG19:AK23,AM19:AQ23,AS19:AW23,AA26:AE30,AG26:AK30,AM26:AQ30,AS26:AW30)-SUM(AC21,AI21,AO21,AU21,AC28,AI28,AO28,AU28) | AA19: Level1 | AG19: Level2 | AM19: Level3 | AS19: Level4
A20: 10 | B20: 5000000 | C20: 5 | D20: 5 | E20: 4 | F20: 4 | G20: 3 | H20: 3 | I20: 3 | L20: Grand | M20: =N10 | N20: =M19/M$27 | O20: =1/N19 | P20: =O19/O$27 | Q20: =ROUND(P19*10000,0) | R20: =Q19/10 | S20: 1 | AA20: =M67 | AB20: =AA19 | AC20: =AB19 | AD20: =AC19 | AE20: =AD19 | AG20: =M68 | AH20: =AG19 | AI20: =AH19 | AJ20: =AI19 | AK20: =AJ19 | AM20: =M69 | AN20: =AM19 | AO20: =AN19 | AP20: =AO19 | AQ20: =AP19 | AS20: =M70 | AT20: =AS19 | AU20: =AT19 | AV20: =AU19 | AW20: =AV19
A21: 11 | B21: 10000000 | C21: 5 | D21: 5 | E21: 5 | F21: 5 | G21: 4 | H21: 4 | I21: 4 | L21: Mega | M21: =O10 | N21: =M20/M$27 | O21: =1/N20 | P21: =O20/O$27 | Q21: =ROUND(P20*10000,0) | R21: =Q20/10 | S21: =R20 | AA21: =AA19 | AB21: =AA20 | AC21: =AB20 | AD21: =AC20 | AE21: =AD20 | AG21: =AG19 | AH21: =AG20 | AI21: =AH20 | AJ21: =AI20 | AK21: =AJ20 | AM21: =AM19 | AN21: =AM20 | AO21: =AN20 | AP21: =AO20 | AQ21: =AP20 | AS21: =AS19 | AT21: =AS20 | AU21: =AT20 | AV21: =AU20 | AW21: =AV20
A22: 12 | B22: 50000000 | C22: 5 | D22: 5 | E22: 5 | F22: 5 | G22: 5 | H22: 5 | I22: 5 | L22: Major | M22: =P10 | N22: =M21/M$27 | O22: =1/N21 | P22: =O21/O$27 | Q22: =ROUND(P21*10000,0) | R22: =Q21/10 | S22: =R21 | AA22: =AA19 | AB22: =AA21 | AC22: =AB21 | AD22: =AC21 | AE22: =AD21 | AG22: =AG19 | AH22: =AG21 | AI22: =AH21 | AJ22: =AI21 | AK22: =AJ21 | AM22: =AM19 | AN22: =AM21 | AO22: =AN21 | AP22: =AO21 | AQ22: =AP21 | AS22: =AS19 | AT22: =AS21 | AU22: =AT21 | AV22: =AU21 | AW22: =AV21
L23: Minor | M23: =Q10 | N23: =M22/M$27 | O23: =1/N22 | P23: =O22/O$27 | Q23: =ROUND(P22*10000,0) | R23: =Q22/10 | S23: =R22 | AA23: =AA19 | AB23: =AA22 | AC23: =AB22 | AD23: =AC22 | AE23: =AD22 | AG23: =AG19 | AH23: =AG22 | AI23: =AH22 | AJ23: =AI22 | AK23: =AJ22 | AM23: =AM19 | AN23: =AM22 | AO23: =AN22 | AP23: =AO22 | AQ23: =AP22 | AS23: =AS19 | AT23: =AS22 | AU23: =AT22 | AV23: =AU22 | AW23: =AV22
L24: Mini | M24: =R10 | N24: =M23/M$27 | O24: =1/N23 | P24: =O23/O$27 | Q24: =ROUND(P23*10000,0) | R24: =Q23/10 | S24: =R23 | AA24: =AA19 | AB24: =AA23 | AC24: =AB23 | AD24: =AC23 | AE24: =AD23 | AG24: =AG19 | AH24: =AG23 | AI24: =AH23 | AJ24: =AI23 | AK24: =AJ23 | AM24: =AM19 | AN24: =AM23 | AO24: =AN23 | AP24: =AO23 | AQ24: =AP23 | AS24: =AS19 | AT24: =AS23 | AU24: =AT23 | AV24: =AU23 | AW24: =AV23
L25: Coin1 | M25: =S10 | N25: =M24/M$27 | O25: =1/N24 | P25: =O24/O$27 | Q25: =ROUND(P24*10000,0) | R25: =Q24/10 | S25: =1000-SUM(S19:S23, S25:S26)
B26: Class | C26: 1 | D26: 2 | E26: 3 | F26: 4 | G26: 5 | H26: 6 | I26: 7 | L26: Coin2 | M26: =T10 | N26: =M25/M$27 | O26: =1/N25 | P26: =O25/O$27 | Q26: =ROUND(P25*10000,0) | R26: =Q25/10 | S26: =R25 | AA26: Level5 | AG26: Level6 | AM26: Level7 | AS26: Level8
B27: Bet | C27: =C5 | D27: =D5 | E27: =E5 | F27: =F5 | G27: =G5 | H27: =H5 | I27: =I5 | L27: Coin3 | M27: =U10 | N27: =M26/M$27 | O27: =1/N26 | P27: =O26/O$27 | Q27: =ROUND(P26*10000,0) | R27: =Q26/10 | S27: =R26 | AA27: =M71 | AB27: =AA26 | AC27: =AB26 | AD27: =AC26 | AE27: =AD26 | AG27: =M72 | AH27: =AG26 | AI27: =AH26 | AJ27: =AI26 | AK27: =AJ26 | AM27: =M73 | AN27: =AM26 | AO27: =AN26 | AP27: =AO26 | AQ27: =AP26 | AS27: =M74 | AT27: =AS26 | AU27: =AT26 | AV27: =AU26 | AW27: =AV26
B28: Spins | C28: =C6 | D28: =D6 | E28: =E6 | F28: =F6 | G28: =G6 | H28: =H6 | I28: =I6 | M28: =SUM(M19:M26) | O28: =SUM(O19:O26) | Q28: =SUM(Q19:Q26) | R28: =Q27/10 | S28: =R27 | AA28: =AA26 | AB28: =AA27 | AC28: =AB27 | AD28: =AC27 | AE28: =AD27 | AG28: =AG26 | AH28: =AG27 | AI28: =AH27 | AJ28: =AI27 | AK28: =AJ27 | AM28: =AM26 | AN28: =AM27 | AO28: =AN27 | AP28: =AO27 | AQ28: =AP27 | AS28: =AS26 | AT28: =AS27 | AU28: =AT27 | AV28: =AU27 | AW28: =AV27
B29: Attendance Rate | C29: =C7 | D29: =D7 | E29: =E7 | F29: =F7 | G29: =G7 | H29: =H7 | I29: =I7 | AA29: =AA26 | AB29: =AA28 | AC29: =AB28 | AD29: =AC28 | AE29: =AD28 | AG29: =AG26 | AH29: =AG28 | AI29: =AH28 | AJ29: =AI28 | AK29: =AJ28 | AM29: =AM26 | AN29: =AM28 | AO29: =AN28 | AP29: =AO28 | AQ29: =AP28 | AS29: =AS26 | AT29: =AS28 | AU29: =AT28 | AV29: =AU28 | AW29: =AV28
B30: 16 | C30: =$B$29*C28 | D30: =$B$29*D28 | E30: =$B$29*E28 | F30: =$B$29*F28 | G30: =$B$29*G28 | H30: =$B$29*H28 | I30: =$B$29*I28 | AA30: =AA26 | AB30: =AA29 | AC30: =AB29 | AD30: =AC29 | AE30: =AD29 | AG30: =AG26 | AH30: =AG29 | AI30: =AH29 | AJ30: =AI29 | AK30: =AJ29 | AM30: =AM26 | AN30: =AM29 | AO30: =AN29 | AP30: =AO29 | AQ30: =AP29 | AS30: =AS26 | AT30: =AS29 | AU30: =AT29 | AV30: =AU29 | AW30: =AV29
B31: Total Spins | C31: =C27*C29 | D31: =D27*D29 | E31: =E27*E29 | F31: =F27*F29 | G31: =G27*G29 | H31: =H27*H29 | I31: =I27*I29 | M31: 10000 | N31: 22000 | O31: 25000 | P31: 22000 | Q31: 22000 | R31: <-Bet Range by Bingo Stage Coin Appearance Probability Setting | AA31: =AA26 | AB31: =AA30 | AC31: =AB30 | AD31: =AC30 | AE31: =AD30 | AG31: =AG26 | AH31: =AG30 | AI31: =AH30 | AJ31: =AI30 | AK31: =AJ30 | AM31: =AM26 | AN31: =AM30 | AO31: =AN30 | AP31: =AO30 | AQ31: =AP30 | AS31: =AS26 | AT31: =AS30 | AU31: =AT30 | AV31: =AU30 | AW31: =AV30
L32: Target Weight | M32: 2900 | N32: 1900 | O32: 900 | P32: 720 | Q32: 650 | R32: <-Bet Range by Bingo Stage Coin Appearance Probability Setting
M33: Bet 1 | N33: Bet 2 | O33: Bet 3 | P33: Bet 4 | Q33: Bet 5 | R33: Multi | AA33: Bet Range 2
L34: Level1 | M34: =$M$30/$R33 | N34: =$N$31/$R33 | O34: =$O$31/$R33 | P34: =$P$31/$R33 | Q34: =$Q$31/$R33 | R34: 1 | S34: <-Bingo Stage by Multi plier Setting | Z34: =SUM(AA34:AE38,AG34:AK38,AM34:AQ38,AS34:AW38,AA41:AE45,AG41:AK45,AM41:AQ45,AS41:AW45)-SUM(AC36,AI36,AO36,AU36,AC43,AI43,AO43,AU43) | AA34: Level1 | AG34: Level2 | AM34: Level3 | AS34: Level4
L35: Level2 | M35: =$M$30/$R34 | N35: =$N$30/$R34 | O35: =$O$31/$R34 | P35: =$P$31/$R34 | Q35: =$Q$31/$R34 | R35: 2 | AA35: =N67 | AB35: =AA34 | AC35: =AB34 | AD35: =AC34 | AE35: =AD34 | AG35: =N68 | AH35: =AG34 | AI35: =AH34 | AJ35: =AI34 | AK35: =AJ34 | AM35: =N69 | AN35: =AM34 | AO35: =AN34 | AP35: =AO34 | AQ35: =AP34 | AS35: =N70 | AT35: =AS34 | AU35: =AT34 | AV35: =AU34 | AW35: =AV34
L36: Level3 | M36: =$M$30/$R35 | N36: =$N$30/$R35 | O36: =$O$31/$R35 | P36: =$P$31/$R35 | Q36: =$Q$31/$R35 | R36: 3 | AA36: =AA34 | AB36: =AA35 | AC36: =AB35 | AD36: =AC35 | AE36: =AD35 | AG36: =AG34 | AH36: =AG35 | AI36: =AH35 | AJ36: =AI35 | AK36: =AJ35 | AM36: =AM34 | AN36: =AM35 | AO36: =AN35 | AP36: =AO35 | AQ36: =AP35 | AS36: =AS34 | AT36: =AS35 | AU36: =AT35 | AV36: =AU35 | AW36: =AV35
L37: Level4 | M37: =$M$31/$R36 | N37: =$N$30/$R36 | O37: =$O$30/$R36 | P37: =$P$31/$R36 | Q37: =$Q$31/$R36 | R37: 5 | AA37: =AA34 | AB37: =AA36 | AC37: =AB36 | AD37: =AC36 | AE37: =AD36 | AG37: =AG34 | AH37: =AG36 | AI37: =AH36 | AJ37: =AI36 | AK37: =AJ36 | AM37: =AM34 | AN37: =AM36 | AO37: =AN36 | AP37: =AO36 | AQ37: =AP36 | AS37: =AS34 | AT37: =AS36 | AU37: =AT36 | AV37: =AU36 | AW37: =AV36
L38: Level5 | M38: =$M$31/$R37 | N38: =$N$31/$R37 | O38: =$O$30/$R37 | P38: =$P$30/$R37 | Q38: =$Q$31/$R37 | R38: 6 | AA38: =AA34 | AB38: =AA37 | AC38: =AB37 | AD38: =AC37 | AE38: =AD37 | AG38: =AG34 | AH38: =AG37 | AI38: =AH37 | AJ38: =AI37 | AK38: =AJ37 | AM38: =AM34 | AN38: =AM37 | AO38: =AN37 | AP38: =AO37 | AQ38: =AP37 | AS38: =AS34 | AT38: =AS37 | AU38: =AT37 | AV38: =AU37 | AW38: =AV37
L39: Level6 | M39: =$M$31/$R38 | N39: =$N$31/$R38 | O39: =$O$30/$R38 | P39: =$P$30/$R38 | Q39: =$Q$30/$R38 | R39: 7 | AA39: =AA34 | AB39: =AA38 | AC39: =AB38 | AD39: =AC38 | AE39: =AD38 | AG39: =AG34 | AH39: =AG38 | AI39: =AH38 | AJ39: =AI38 | AK39: =AJ38 | AM39: =AM34 | AN39: =AM38 | AO39: =AN38 | AP39: =AO38 | AQ39: =AP38 | AS39: =AS34 | AT39: =AS38 | AU39: =AT38 | AV39: =AU38 | AW39: =AV38
L40: Level7 | M40: =$M$31/$R39 | N40: =$N$31/$R39 | O40: =$O$31/$R39 | P40: =$P$30/$R39 | Q40: =$Q$30/$R39 | R40: 8
L41: Level8 | M41: =$M$31/$R40 | N41: =$N$31/$R40 | O41: =$O$31/$R40 | P41: =$P$31/$R40 | Q41: =$Q$30/$R40 | R41: 10 | AA41: Level5 | AG41: Level6 | AM41: Level7 | AS41: Level8
B42: Event Daily Average | C42: C1 | D42: C2 | E42: C3 | F42: C4 | G42: C5 | H42: C6 | I42: C7 | M42: =SUM(M33:M40) | N42: =SUM(N33:N40) | O42: =SUM(O33:O40) | P42: =SUM(P33:P40) | Q42: =SUM(Q33:Q40) | AA42: =N71 | AB42: =AA41 | AC42: =AB41 | AD42: =AC41 | AE42: =AD41 | AG42: =N72 | AH42: =AG41 | AI42: =AH41 | AJ42: =AI41 | AK42: =AJ41 | AM42: =N73 | AN42: =AM41 | AO42: =AN41 | AP42: =AO41 | AQ42: =AP41 | AS42: =N74 | AT42: =AS41 | AU42: =AT41 | AV42: =AU41 | AW42: =AV41
B43: Html5 Christmas Event | C43: Unreleased | D43: Unreleased | E43: Unreleased | F43: Unreleased | G43: Unreleased | H43: Unreleased | I43: Unreleased | AA43: =AA41 | AB43: =AA42 | AC43: =AB42 | AD43: =AC42 | AE43: =AD42 | AG43: =AG41 | AH43: =AG42 | AI43: =AH42 | AJ43: =AI42 | AK43: =AJ42 | AM43: =AM41 | AN43: =AM42 | AO43: =AN42 | AP43: =AO42 | AQ43: =AP42 | AS43: =AS41 | AT43: =AS42 | AU43: =AT42 | AV43: =AU42 | AW43: =AV42
B44: Html5 ThanksGiving Event | C44: Unreleased | D44: Unreleased | E44: Unreleased | F44: Unreleased | G44: Unreleased | H44: Unreleased | I44: Unreleased | L44: % | M44: =SUM(M44:M51) | N44: =SUM(N44:N51) | O44: =SUM(O44:O51) | P44: =SUM(P44:P51) | Q44: =SUM(Q44:Q51) | AA44: =AA41 | AB44: =AA43 | AC44: =AB43 | AD44: =AC43 | AE44: =AD43 | AG44: =AG41 | AH44: =AG43 | AI44: =AH43 | AJ44: =AI43 | AK44: =AJ43 | AM44: =AM41 | AN44: =AM43 | AO44: =AN43 | AP44: =AO43 | AQ44: =AP43 | AS44: =AS41 | AT44: =AS43 | AU44: =AT43 | AV44: =AU43 | AW44: =AV43
B45: Html5 Halloween Event | C45: Unreleased | D45: Unreleased | E45: Unreleased | F45: Unreleased | G45: Unreleased | H45: Unreleased | I45: Unreleased | L45: Level1 | M45: =M33/M$41 | N45: =N33/N$41 | O45: =O33/O$41 | P45: =P33/P$41 | Q45: =Q33/Q$41 | AA45: =AA41 | AB45: =AA44 | AC45: =AB44 | AD45: =AC44 | AE45: =AD44 | AG45: =AG41 | AH45: =AG44 | AI45: =AH44 | AJ45: =AI44 | AK45: =AJ44 | AM45: =AM41 | AN45: =AM44 | AO45: =AN44 | AP45: =AO44 | AQ45: =AP44 | AS45: =AS41 | AT45: =AS44 | AU45: =AT44 | AV45: =AU44 | AW45: =AV44
B46: HTML5 Open Event | C46: Unreleased | D46: Unreleased | E46: Unreleased | F46: Unreleased | G46: Unreleased | H46: Unreleased | I46: Unreleased | L46: Level2 | M46: =M34/M$41 | N46: =N34/N$41 | O46: =O34/O$41 | P46: =P34/P$41 | Q46: =Q34/Q$41 | AA46: =AA41 | AB46: =AA45 | AC46: =AB45 | AD46: =AC45 | AE46: =AD45 | AG46: =AG41 | AH46: =AG45 | AI46: =AH45 | AJ46: =AI45 | AK46: =AJ45 | AM46: =AM41 | AN46: =AM45 | AO46: =AN45 | AP46: =AO45 | AQ46: =AP45 | AS46: =AS41 | AT46: =AS45 | AU46: =AT45 | AV46: =AU45 | AW46: =AV45
B47: Free Coin Daily Average | C47: C1 | D47: C2 | E47: C3 | F47: C4 | G47: C5 | H47: C6 | I47: C7 | L47: Level3 | M47: =M35/M$41 | N47: =N35/N$41 | O47: =O35/O$41 | P47: =P35/P$41 | Q47: =Q35/Q$41
B48: Per Person Average Received Amount | C48: Unreleased | D48: Unreleased | E48: Unreleased | F48: Unreleased | G48: Unreleased | H48: Unreleased | I48: Unreleased | L48: Level4 | M48: =M36/M$41 | N48: =N36/N$41 | O48: =O36/O$41 | P48: =P36/P$41 | Q48: =Q36/Q$41 | AA48: Bet Range 3
B49: Per Session Average Received Amount | C49: Unreleased | D49: Unreleased | E49: Unreleased | F49: Unreleased | G49: Unreleased | H49: Unreleased | I49: Unreleased | L49: Level5 | M49: =M37/M$41 | N49: =N37/N$41 | O49: =O37/O$41 | P49: =P37/P$41 | Q49: =Q37/Q$41 | Z49: =SUM(AA49:AE53,AG49:AK53,AM49:AQ53,AS49:AW53,AA56:AE60,AG56:AK60,AM56:AQ60,AS56:AW60)-SUM(AC51,AI51,AO51,AU51,AC58,AI58,AO58,AU58) | AA49: Level1 | AG49: Level2 | AM49: Level3 | AS49: Level4
L50: Level6 | M50: =M38/M$41 | N50: =N38/N$41 | O50: =O38/O$41 | P50: =P38/P$41 | Q50: =Q38/Q$41 | AA50: =O67 | AB50: =AA49 | AC50: =AB49 | AD50: =AC49 | AE50: =AD49 | AG50: =O68 | AH50: =AG49 | AI50: =AH49 | AJ50: =AI49 | AK50: =AJ49 | AM50: =O69 | AN50: =AM49 | AO50: =AN49 | AP50: =AO49 | AQ50: =AP49 | AS50: =O70 | AT50: =AS49 | AU50: =AT49 | AV50: =AU49 | AW50: =AV49
L51: Level7 | M51: =M39/M$41 | N51: =N39/N$41 | O51: =O39/O$41 | P51: =P39/P$41 | Q51: =Q39/Q$41 | AA51: =AA49 | AB51: =AA50 | AC51: =AB50 | AD51: =AC50 | AE51: =AD50 | AG51: =AG49 | AH51: =AG50 | AI51: =AH50 | AJ51: =AI50 | AK51: =AJ50 | AM51: =AM49 | AN51: =AM50 | AO51: =AN50 | AP51: =AO50 | AQ51: =AP50 | AS51: =AS49 | AT51: =AS50 | AU51: =AT50 | AV51: =AU50 | AW51: =AV50
L52: Level8 | M52: =M40/M$41 | N52: =N40/N$41 | O52: =O40/O$41 | P52: =P40/P$41 | Q52: =Q40/Q$41 | AA52: =AA49 | AB52: =AA51 | AC52: =AB51 | AD52: =AC51 | AE52: =AD51 | AG52: =AG49 | AH52: =AG51 | AI52: =AH51 | AJ52: =AI51 | AK52: =AJ51 | AM52: =AM49 | AN52: =AM51 | AO52: =AN51 | AP52: =AO51 | AQ52: =AP51 | AS52: =AS49 | AT52: =AS51 | AU52: =AT51 | AV52: =AU51 | AW52: =AV51
AA53: =AA49 | AB53: =AA52 | AC53: =AB52 | AD53: =AC52 | AE53: =AD52 | AG53: =AG49 | AH53: =AG52 | AI53: =AH52 | AJ53: =AI52 | AK53: =AJ52 | AM53: =AM49 | AN53: =AM52 | AO53: =AN52 | AP53: =AO52 | AQ53: =AP52 | AS53: =AS49 | AT53: =AS52 | AU53: =AT52 | AV53: =AU52 | AW53: =AV52
L54: Bet Target | M54: =SUM(M44:M46) | N54: =SUM(N45:N47) | O54: =SUM(O47:O49) | P54: =SUM(P48:P50) | Q54: =SUM(Q49:Q51) | AA54: =AA49 | AB54: =AA53 | AC54: =AB53 | AD54: =AC53 | AE54: =AD53 | AG54: =AG49 | AH54: =AG53 | AI54: =AH53 | AJ54: =AI53 | AK54: =AJ53 | AM54: =AM49 | AN54: =AM53 | AO54: =AN53 | AP54: =AO53 | AQ54: =AP53 | AS54: =AS49 | AT54: =AS53 | AU54: =AT53 | AV54: =AU53 | AW54: =AV53
L55: Rest | M55: =1-M53 | N55: =1-N53 | O55: =1-O53 | P55: =1-P53 | Q55: =1-Q53
AA56: Level5 | AG56: Level6 | AM56: Level7 | AS56: Level8
AA57: =O71 | AB57: =AA56 | AC57: =AB56 | AD57: =AC56 | AE57: =AD56 | AG57: =O72 | AH57: =AG56 | AI57: =AH56 | AJ57: =AI56 | AK57: =AJ56 | AM57: =O73 | AN57: =AM56 | AO57: =AN56 | AP57: =AO56 | AQ57: =AP56 | AS57: =O74 | AT57: =AS56 | AU57: =AT56 | AV57: =AU56 | AW57: =AV56
L58: Level1 | M58: =1250-SUM(M58:M64) | N58: =1250-SUM(N58:N64) | O58: =1250-SUM(O58:O64) | P58: =1250-SUM(P58:P64) | Q58: =1250-SUM(Q58:Q64) | R58: 10000 | AA58: =AA56 | AB58: =AA57 | AC58: =AB57 | AD58: =AC57 | AE58: =AD57 | AG58: =AG56 | AH58: =AG57 | AI58: =AH57 | AJ58: =AI57 | AK58: =AJ57 | AM58: =AM56 | AN58: =AM57 | AO58: =AN57 | AP58: =AO57 | AQ58: =AP57 | AS58: =AS56 | AT58: =AS57 | AU58: =AT57 | AV58: =AU57 | AW58: =AV57
L59: Level2 | M59: =ROUND(M45*$R$59, 0) | N59: =ROUND(N45*$R$59, 0) | O59: =ROUND(O45*$R$59, 0) | P59: =ROUND(P45*$R$59, 0) | Q59: =ROUND(Q45*$R$59, 0) | R59: 8 | AA59: =AA56 | AB59: =AA58 | AC59: =AB58 | AD59: =AC58 | AE59: =AD58 | AG59: =AG56 | AH59: =AG58 | AI59: =AH58 | AJ59: =AI58 | AK59: =AJ58 | AM59: =AM56 | AN59: =AM58 | AO59: =AN58 | AP59: =AO58 | AQ59: =AP58 | AS59: =AS56 | AT59: =AS58 | AU59: =AT58 | AV59: =AU58 | AW59: =AV58
L60: Level3 | M60: =ROUND(M46*$R$59, 0) | N60: =ROUND(N46*$R$59, 0) | O60: =ROUND(O46*$R$59, 0) | P60: =ROUND(P46*$R$59, 0) | Q60: =ROUND(Q46*$R$59, 0) | R60: =R57/R58 | AA60: =AA56 | AB60: =AA59 | AC60: =AB59 | AD60: =AC59 | AE60: =AD59 | AG60: =AG56 | AH60: =AG59 | AI60: =AH59 | AJ60: =AI59 | AK60: =AJ59 | AM60: =AM56 | AN60: =AM59 | AO60: =AN59 | AP60: =AO59 | AQ60: =AP59 | AS60: =AS56 | AT60: =AS59 | AU60: =AT59 | AV60: =AU59 | AW60: =AV59
L61: Level4 | M61: =ROUND(M47*$R$59, 0) | N61: =ROUND(N47*$R$59, 0) | O61: =ROUND(O47*$R$59, 0) | P61: =ROUND(P47*$R$59, 0) | Q61: =ROUND(Q47*$R$59, 0) | AA61: =AA56 | AB61: =AA60 | AC61: =AB60 | AD61: =AC60 | AE61: =AD60 | AG61: =AG56 | AH61: =AG60 | AI61: =AH60 | AJ61: =AI60 | AK61: =AJ60 | AM61: =AM56 | AN61: =AM60 | AO61: =AN60 | AP61: =AO60 | AQ61: =AP60 | AS61: =AS56 | AT61: =AS60 | AU61: =AT60 | AV61: =AU60 | AW61: =AV60
L62: Level5 | M62: =ROUND(M48*$R$59, 0) | N62: =ROUND(N48*$R$59, 0) | O62: =ROUND(O48*$R$59, 0) | P62: =ROUND(P48*$R$59, 0) | Q62: =ROUND(Q48*$R$59, 0)
L63: Level6 | M63: =ROUND(M49*$R$59, 0) | N63: =ROUND(N49*$R$59, 0) | O63: =ROUND(O49*$R$59, 0) | P63: =ROUND(P49*$R$59, 0) | Q63: =ROUND(Q49*$R$59, 0) | AA63: Bet Range 4
L64: Level7 | M64: =ROUND(M50*$R$59, 0) | N64: =ROUND(N50*$R$59, 0) | O64: =ROUND(O50*$R$59, 0) | P64: =ROUND(P50*$R$59, 0) | Q64: =ROUND(Q50*$R$59, 0) | Z64: =SUM(AA64:AE68,AG64:AK68,AM64:AQ68,AS64:AW68,AA71:AE75,AG71:AK75,AM71:AQ75,AS71:AW75)-SUM(AC66,AI66,AO66,AU66,AC73,AI73,AO73,AU73) | AA64: Level1 | AG64: Level2 | AM64: Level3 | AS64: Level4
L65: Level8 | M65: =ROUND(M51*$R$59, 0) | N65: =ROUND(N51*$R$59, 0) | O65: =ROUND(O51*$R$59, 0) | P65: =ROUND(P51*$R$59, 0) | Q65: =ROUND(Q51*$R$59, 0) | AA65: =P67 | AB65: =AA64 | AC65: =AB64 | AD65: =AC64 | AE65: =AD64 | AG65: =P68 | AH65: =AG64 | AI65: =AH64 | AJ65: =AI64 | AK65: =AJ64 | AM65: =P69 | AN65: =AM64 | AO65: =AN64 | AP65: =AO64 | AQ65: =AP64 | AS65: =P70 | AT65: =AS64 | AU65: =AT64 | AV65: =AU64 | AW65: =AV64
M66: =SUM(M57:M64) | N66: =SUM(N57:N64) | O66: =SUM(O57:O64) | P66: =SUM(P57:P64) | Q66: =SUM(Q57:Q64) | AA66: =AA64 | AB66: =AA65 | AC66: =AB65 | AD66: =AC65 | AE66: =AD65 | AG66: =AG64 | AH66: =AG65 | AI66: =AH65 | AJ66: =AI65 | AK66: =AJ65 | AM66: =AM64 | AN66: =AM65 | AO66: =AN65 | AP66: =AO65 | AQ66: =AP65 | AS66: =AS64 | AT66: =AS65 | AU66: =AT65 | AV66: =AU65 | AW66: =AV65
AA67: =AA64 | AB67: =AA66 | AC67: =AB66 | AD67: =AC66 | AE67: =AD66 | AG67: =AG64 | AH67: =AG66 | AI67: =AH66 | AJ67: =AI66 | AK67: =AJ66 | AM67: =AM64 | AN67: =AM66 | AO67: =AN66 | AP67: =AO66 | AQ67: =AP66 | AS67: =AS64 | AT67: =AS66 | AU67: =AT66 | AV67: =AU66 | AW67: =AV66
L68: Level1 | M68: =M57 | N68: =N57 | O68: =O57 | P68: =P57 | Q68: =Q57 | AA68: =AA64 | AB68: =AA67 | AC68: =AB67 | AD68: =AC67 | AE68: =AD67 | AG68: =AG64 | AH68: =AG67 | AI68: =AH67 | AJ68: =AI67 | AK68: =AJ67 | AM68: =AM64 | AN68: =AM67 | AO68: =AN67 | AP68: =AO67 | AQ68: =AP67 | AS68: =AS64 | AT68: =AS67 | AU68: =AT67 | AV68: =AU67 | AW68: =AV67
L69: Level2 | M69: =M58 | N69: =N58 | O69: =O58 | P69: =P58 | Q69: =Q58 | AA69: =AA64 | AB69: =AA68 | AC69: =AB68 | AD69: =AC68 | AE69: =AD68 | AG69: =AG64 | AH69: =AG68 | AI69: =AH68 | AJ69: =AI68 | AK69: =AJ68 | AM69: =AM64 | AN69: =AM68 | AO69: =AN68 | AP69: =AO68 | AQ69: =AP68 | AS69: =AS64 | AT69: =AS68 | AU69: =AT68 | AV69: =AU68 | AW69: =AV68
L70: Level3 | M70: =M59 | N70: =N59 | O70: =O59 | P70: =P59 | Q70: =Q59
L71: Level4 | M71: =M60 | N71: =N60 | O71: =O60 | P71: =P60 | Q71: =Q60 | AA71: Level5 | AG71: Level6 | AM71: Level7 | AS71: Level8
L72: Level5 | M72: =M61 | N72: =N61 | O72: =O61 | P72: =P61 | Q72: =Q61 | AA72: =P71 | AB72: =AA71 | AC72: =AB71 | AD72: =AC71 | AE72: =AD71 | AG72: =P72 | AH72: =AG71 | AI72: =AH71 | AJ72: =AI71 | AK72: =AJ71 | AM72: =P73 | AN72: =AM71 | AO72: =AN71 | AP72: =AO71 | AQ72: =AP71 | AS72: =P74 | AT72: =AS71 | AU72: =AT71 | AV72: =AU71 | AW72: =AV71
L73: Level6 | M73: =M62 | N73: =N62 | O73: =O62 | P73: =P62 | Q73: =Q62 | AA73: =AA71 | AB73: =AA72 | AC73: =AB72 | AD73: =AC72 | AE73: =AD72 | AG73: =AG71 | AH73: =AG72 | AI73: =AH72 | AJ73: =AI72 | AK73: =AJ72 | AM73: =AM71 | AN73: =AM72 | AO73: =AN72 | AP73: =AO72 | AQ73: =AP72 | AS73: =AS71 | AT73: =AS72 | AU73: =AT72 | AV73: =AU72 | AW73: =AV72
L74: Level7 | M74: =M63 | N74: =N63 | O74: =O63 | P74: =P63 | Q74: =Q63 | AA74: =AA71 | AB74: =AA73 | AC74: =AB73 | AD74: =AC73 | AE74: =AD73 | AG74: =AG71 | AH74: =AG73 | AI74: =AH73 | AJ74: =AI73 | AK74: =AJ73 | AM74: =AM71 | AN74: =AM73 | AO74: =AN73 | AP74: =AO73 | AQ74: =AP73 | AS74: =AS71 | AT74: =AS73 | AU74: =AT73 | AV74: =AU73 | AW74: =AV73
L75: Level8 | M75: =M64 | N75: =N64 | O75: =O64 | P75: =P64 | Q75: =Q64 | AA75: =AA71 | AB75: =AA74 | AC75: =AB74 | AD75: =AC74 | AE75: =AD74 | AG75: =AG71 | AH75: =AG74 | AI75: =AH74 | AJ75: =AI74 | AK75: =AJ74 | AM75: =AM71 | AN75: =AM74 | AO75: =AN74 | AP75: =AO74 | AQ75: =AP74 | AS75: =AS71 | AT75: =AS74 | AU75: =AT74 | AV75: =AU74 | AW75: =AV74
AA76: =AA71 | AB76: =AA75 | AC76: =AB75 | AD76: =AC75 | AE76: =AD75 | AG76: =AG71 | AH76: =AG75 | AI76: =AH75 | AJ76: =AI75 | AK76: =AJ75 | AM76: =AM71 | AN76: =AM75 | AO76: =AN75 | AP76: =AO75 | AQ76: =AP75 | AS76: =AS71 | AT76: =AS75 | AU76: =AT75 | AV76: =AU75 | AW76: =AV75
L77: 3000 Spins Basis | M77: Bet 1 | N77: Bet 2 | O77: Bet 3 | P77: Bet 4 | Q77: Bet 5 | R77: Current Test
L78: Bet Range by Average TB | M78: 265714.29 | N78: 471428.57 | O78: 1200000 | P78: 2642857.1 | Q78: 16742857 | R78: =AA1 | AA78: Bet Range 5
L79: Spins | M79: 3000 | N79: 3000 | O79: 3000 | P79: 3000 | Q79: 3000 | Z79: =SUM(AA79:AE83,AG79:AK83,AM79:AQ83,AS79:AW83,AA86:AE90,AG86:AK90,AM86:AQ90,AS86:AW90)-SUM(AC81,AI81,AO81,AU81,AC88,AI88,AO88,AU88) | AA79: Level1 | AG79: Level2 | AM79: Level3 | AS79: Level4
L80: Income | M80: 6273160 | N80: 10066190 | O80: 18306053 | P80: 21247096 | Q80: 24481096 | AA80: =Q67 | AB80: =AA79 | AC80: =AB79 | AD80: =AC79 | AE80: =AD79 | AG80: =Q68 | AH80: =AG79 | AI80: =AH79 | AJ80: =AI79 | AK80: =AJ79 | AM80: =Q69 | AN80: =AM79 | AO80: =AN79 | AP80: =AO79 | AQ80: =AP79 | AS80: =Q70 | AT80: =AS79 | AU80: =AT79 | AV80: =AU79 | AW80: =AV79
L81: Total Bet | M81: =M78*M77 | N81: =N78*N77 | O81: =O78*O77 | P81: =P78*P77 | Q81: =Q78*Q77 | AA81: =AA79 | AB81: =AA80 | AC81: =AB80 | AD81: =AC80 | AE81: =AD80 | AG81: =AG79 | AH81: =AG80 | AI81: =AH80 | AJ81: =AI80 | AK81: =AJ80 | AM81: =AM79 | AN81: =AM80 | AO81: =AN80 | AP81: =AO80 | AQ81: =AP80 | AS81: =AS79 | AT81: =AS80 | AU81: =AT80 | AV81: =AU80 | AW81: =AV80
L82: RTP Margin | M82: Unreleased | N82: Unreleased | O82: Unreleased | P82: Unreleased | Q82: Unreleased | AA82: =AA79 | AB82: =AA81 | AC82: =AB81 | AD82: =AC81 | AE82: =AD81 | AG82: =AG79 | AH82: =AG81 | AI82: =AH81 | AJ82: =AI81 | AK82: =AJ81 | AM82: =AM79 | AN82: =AM81 | AO82: =AN81 | AP82: =AO81 | AQ82: =AP81 | AS82: =AS79 | AT82: =AS81 | AU82: =AT81 | AV82: =AU81 | AW82: =AV81
L83: Bingo Average Win | M83: =M79/M93 | N83: =N79/N93 | O83: =O79/O93 | P83: =P79/P93 | Q83: =Q79/Q93 | AA83: =AA79 | AB83: =AA82 | AC83: =AB82 | AD83: =AC82 | AE83: =AD82 | AG83: =AG79 | AH83: =AG82 | AI83: =AH82 | AJ83: =AI82 | AK83: =AJ82 | AM83: =AM79 | AN83: =AM82 | AO83: =AN82 | AP83: =AO82 | AQ83: =AP82 | AS83: =AS79 | AT83: =AS82 | AU83: =AT82 | AV83: =AU82 | AW83: =AV82
L84: RTP Margin Payout Rate | M84: Unreleased | N84: Unreleased | O84: Unreleased | P84: Unreleased | Q84: Unreleased | AA84: =AA79 | AB84: =AA83 | AC84: =AB83 | AD84: =AC83 | AE84: =AD83 | AG84: =AG79 | AH84: =AG83 | AI84: =AH83 | AJ84: =AI83 | AK84: =AJ83 | AM84: =AM79 | AN84: =AM83 | AO84: =AN83 | AP84: =AO83 | AQ84: =AP83 | AS84: =AS79 | AT84: =AS83 | AU84: =AT83 | AV84: =AU83 | AW84: =AV83
L85: vs Total RTP | M85: Unreleased | N85: Unreleased | O85: Unreleased | P85: Unreleased | Q85: Unreleased
L86: Bingo Avg Spins | M86: =M78/M93 | N86: =N78/N93 | O86: =O78/O93 | P86: =P78/P93 | Q86: =Q78/Q93 | AA86: Level5 | AG86: Level6 | AM86: Level7 | AS86: Level8
L87: by Class AverageSpins | M87: 300 | N87: 300 | O87: 300 | P87: 300 | Q87: 300 | AA87: =Q71 | AB87: =AA86 | AC87: =AB86 | AD87: =AC86 | AE87: =AD86 | AG87: =Q72 | AH87: =AG86 | AI87: =AH86 | AJ87: =AI86 | AK87: =AJ86 | AM87: =Q73 | AN87: =AM86 | AO87: =AN86 | AP87: =AO86 | AQ87: =AP86 | AS87: =Q74 | AT87: =AS86 | AU87: =AT86 | AV87: =AU86 | AW87: =AV86
L88: 16 Days Expected Attendance | M88: 8 | N88: 8 | O88: 8 | P88: 8 | Q88: 8 | AA88: =AA86 | AB88: =AA87 | AC88: =AB87 | AD88: =AC87 | AE88: =AD87 | AG88: =AG86 | AH88: =AG87 | AI88: =AH87 | AJ88: =AI87 | AK88: =AJ87 | AM88: =AM86 | AN88: =AM87 | AO88: =AN87 | AP88: =AO87 | AQ88: =AP87 | AS88: =AS86 | AT88: =AS87 | AU88: =AT87 | AV88: =AU87 | AW88: =AV87
L89: Event Total Expected Spins | M89: =M86*M87 | N89: =N86*N87 | O89: =O86*O87 | P89: =P86*P87 | Q89: =Q86*Q87 | AA89: =AA86 | AB89: =AA88 | AC89: =AB88 | AD89: =AC88 | AE89: =AD88 | AG89: =AG86 | AH89: =AG88 | AI89: =AH88 | AJ89: =AI88 | AK89: =AJ88 | AM89: =AM86 | AN89: =AM88 | AO89: =AN88 | AP89: =AO88 | AQ89: =AP88 | AS89: =AS86 | AT89: =AS88 | AU89: =AT88 | AV89: =AU88 | AW89: =AV88
L90: Total Expected Win | M90: =(M88/M85)*M82 | N90: =(N88/N85)*N82 | O90: =(O88/O85)*O82 | P90: =(P88/P85)*P82 | Q90: =(Q88/Q85)*Q82 | AA90: =AA86 | AB90: =AA89 | AC90: =AB89 | AD90: =AC89 | AE90: =AD89 | AG90: =AG86 | AH90: =AG89 | AI90: =AH89 | AJ90: =AI89 | AK90: =AJ89 | AM90: =AM86 | AN90: =AM89 | AO90: =AN89 | AP90: =AO89 | AQ90: =AP89 | AS90: =AS86 | AT90: =AS89 | AU90: =AT89 | AV90: =AU89 | AW90: =AV89
L91: Per Attendance Day Expected Win | M91: =M89/M87 | N91: =N89/N87 | O91: =O89/O87 | P91: =P89/P87 | Q91: =Q89/Q87 | AA91: =AA86 | AB91: =AA90 | AC91: =AB90 | AD91: =AC90 | AE91: =AD90 | AG91: =AG86 | AH91: =AG90 | AI91: =AH90 | AJ91: =AI90 | AK91: =AJ90 | AM91: =AM86 | AN91: =AM90 | AO91: =AN90 | AP91: =AO90 | AQ91: =AP90 | AS91: =AS86 | AT91: =AS90 | AU91: =AT90 | AV91: =AU90 | AW91: =AV90
L93: Bingo Win Count | M93: Bet 1 | N93: Bet 2 | O93: Bet 3 | P93: Bet 4 | Q93: Bet 5
L94: Bingo Total | M94: =SUM(M94:M101) | N94: =SUM(N94:N101) | O94: =SUM(O94:O101) | P94: =SUM(P94:P101) | Q94: =SUM(Q94:Q101)
L95: Level1 | M95: 4 | N95: 1
L96: Level2 | M96: 2 | N96: 1
L97: Level3 | M97: 2 | N97: 2
L98: Level4 | N98: 2 | O98: 2
L99: Level5 | N99: 1 | O99: 1 | P99: 2
L100: Level6 | O100: 1 | P100: 1 | Q100: 2
L101: Level7 | O101: 1 | P101: 2 | Q101: 2
...

Sheet Simulator
A1: CONFIDENTIAL — Shared for portfolio review purposes only. All game content is the property of its respective studio.
A2: Simul.html
A3: Default Diamond Amount
A4: =CONCATENATE(B3,C3,D3,E3,F3,G3,H3,I3,J3,K3,L3,M3,N3,O3,P3,Q3,R3) | B4: var CENTER_SYMBOL = [ | C4: ='Control Panel'!M10 | D4: , | E4: ='Control Panel'!M11 | F4: , | G4: ='Control Panel'!M12 | H4: , | I4: ='Control Panel'!M13 | J4: , | K4: ='Control Panel'!M14 | L4: , | M4: ='Control Panel'!M15 | N4: , | O4: ='Control Panel'!M16 | P4: , | Q4: ='Control Panel'!M17 | R4: ]; | S4: =A3
A6: Simul.js
A7: Jackpot Amount by Level
A8: =CONCATENATE(C7,D7,E7) | C8: var JACKPOT_GRAND = | D8: ='Control Panel'!N10 | E8: ; | S8: =A7
A10: var JACKPOT_VALUE = | S10: =A9
A11: =CONCATENATE(C10,D10,E10,F10,G10,H10,I10,J10,K10,L10,M10) | C11: [ | D11: [ | E11: ='Control Panel'!R10 | F11: , | G11: ='Control Panel'!Q10 | H11: , | I11: ='Control Panel'!P10 | J11: , | K11: ='Control Panel'!O10 | L11: ] | M11: , | S11: =A10
A12: =CONCATENATE(C11,D11,E11,F11,G11,H11,I11,J11,K11,L11,M11) | D12: [ | E12: ='Control Panel'!R11 | F12: , | G12: ='Control Panel'!Q11 | H12: , | I12: ='Control Panel'!P11 | J12: , | K12: ='Control Panel'!O11 | L12: ] | M12: , | S12: =A11
A13: =CONCATENATE(C12,D12,E12,F12,G12,H12,I12,J12,K12,L12,M12) | D13: [ | E13: ='Control Panel'!R12 | F13: , | G13: ='Control Panel'!Q12 | H13: , | I13: ='Control Panel'!P12 | J13: , | K13: ='Control Panel'!O12 | L13: ] | M13: , | S13: =A12
A14: =CONCATENATE(C13,D13,E13,F13,G13,H13,I13,J13,K13,L13,M13) | D14: [ | E14: ='Control Panel'!R13 | F14: , | G14: ='Control Panel'!Q13 | H14: , | I14: ='Control Panel'!P13 | J14: , | K14: ='Control Panel'!O13 | L14: ] | M14: , | S14: =A13
A15: =CONCATENATE(C14,D14,E14,F14,G14,H14,I14,J14,K14,L14,M14) | D15: [ | E15: ='Control Panel'!R14 | F15: , | G15: ='Control Panel'!Q14 | H15: , | I15: ='Control Panel'!P14 | J15: , | K15: ='Control Panel'!O14 | L15: ] | M15: , | S15: =A14
A16: =CONCATENATE(C15,D15,E15,F15,G15,H15,I15,J15,K15,L15,M15) | D16: [ | E16: ='Control Panel'!R15 | F16: , | G16: ='Control Panel'!Q15 | H16: , | I16: ='Control Panel'!P15 | J16: , | K16: ='Control Panel'!O15 | L16: ] | M16: , | S16: =A15
A17: =CONCATENATE(C16,D16,E16,F16,G16,H16,I16,J16,K16,L16,M16) | D17: [ | E17: ='Control Panel'!R16 | F17: , | G17: ='Control Panel'!Q16 | H17: , | I17: ='Control Panel'!P16 | J17: , | K17: ='Control Panel'!O16 | L17: ] | M17: , | S17: =A16
A18: =CONCATENATE(C17,D17,E17,F17,G17,H17,I17,J17,K17,L17,M17) | D18: [ | E18: ='Control Panel'!R17 | F18: , | G18: ='Control Panel'!Q17 | H18: , | I18: ='Control Panel'!P17 | J18: , | K18: ='Control Panel'!O17 | L18: ] | M18: , | S18: =A17
A19: =CONCATENATE(C18,D18,E18,F18,G18,H18,I18,J18,K18,L18,M18) | C19: ]; | S19: =A18
A21: Win Probability by Class and Bet Amount
A22: var HitCheckTable_Max = 1000; | S22: =A21
A23: var HitCheckTable = []; | S23: =A22
A24: =CONCATENATE(B23) | B24: HitCheckTable[0] = | S24: =A23
A25: =CONCATENATE(B24) | B25: [ | S25: =A24
A26: =CONCATENATE(B25,C25,D25,E25) | B26: [0, | C26: =IF('Control Panel'!C10>0,'Control Panel'!C1,0) | D26: ] | E26: , | S26: =A25
A27: =CONCATENATE(B26,C26,D26,E26) | B27: [9999, | C27: =IF('Control Panel'!C11>0,'Control Panel'!C1,0) | D27: ] | E27: , | F27: 2500 | S27: =A26
A28: =CONCATENATE(B27,C27,D27,E27) | B28: [49999, | C28: =IF('Control Panel'!C12>0,'Control Panel'!C1,0) | D28: ] | E28: , | F28: 11 | S28: =A27
A29: =CONCATENATE(B28,C28,D28,E28) | B29: [99999, | C29: =IF('Control Panel'!C13>0,'Control Panel'!C1,0) | D29: ] | E29: , | F29: =F26/F27 | S29: =A28
A30: =CONCATENATE(B29,C29,D29,E29) | B30: [199999, | C30: =IF('Control Panel'!C14>0,'Control Panel'!C1,0) | D30: ] | E30: , | S30: =A29
A31: =CONCATENATE(B30,C30,D30,E30) | B31: [299999, | C31: =IF('Control Panel'!C15>0,'Control Panel'!C1,0) | D31: ] | E31: , | S31: =A30
A32: =CONCATENATE(B31,C31,D31,E31) | B32: [499999, | C32: =IF('Control Panel'!C16>0,'Control Panel'!C1,0) | D32: ] | E32: , | S32: =A31
A33: =CONCATENATE(B32,C32,D32,E32) | B33: [999999, | C33: =IF('Control Panel'!C17>0,'Control Panel'!C1,0) | D33: ] | E33: , | S33: =A32
A34: =CONCATENATE(B33,C33,D33,E33) | B34: [4999999, | C34: =IF('Control Panel'!C18>0,'Control Panel'!C1,0) | D34: ] | E34: , | H34: 8 | I34: =H37/H33 | S34: =A33
A35: =CONCATENATE(B34,C34,D34,E34) | B35: [9999999, | C35: =IF('Control Panel'!C19>0,'Control Panel'!C1,0) | D35: ] | E35: , | H35: 9 | I35: =H37/H34 | S35: =A34
A36: =CONCATENATE(B35,C35,D35,E35) | B36: [49999999, | C36: =IF('Control Panel'!C20>0,'Control Panel'!C1,0) | D36: ] | E36: , | H36: 10 | I36: =H37/H35 | S36: =A35
A37: =CONCATENATE(B36,C36,D36,E36) | B37: [99999999, | C37: =IF('Control Panel'!C21>0,'Control Panel'!C1,0) | D37: ] | E37: , | H37: 11 | I37: =H37/H36 | S37: =A36
A38: =CONCATENATE(B37,C37,D37,E37) | B38: ]; | H38: =H33*H34*H35*H36 | S38: =A37
A39: =CONCATENATE(B38,C38,D38,E38) | S39: =A38
A40: =CONCATENATE(B39,C39,D39,E39) | B40: HitCheckTable[1] = | S40: =A39
A41: =CONCATENATE(B40,C40,D40,E40) | B41: [ | S41: =A40
A42: =CONCATENATE(B41,C41,D41,E41) | B42: [0, | C42: =IF('Control Panel'!D10>0,'Control Panel'!C1,0) | D42: ] | E42: , | S42: =A41
A43: =CONCATENATE(B42,C42,D42,E42) | B43: [9999, | C43: =IF('Control Panel'!D11>0,'Control Panel'!C1,0) | D43: ] | E43: , | S43: =A42
A44: =CONCATENATE(B43,C43,D43,E43) | B44: [49999, | C44: =IF('Control Panel'!D12>0,'Control Panel'!C1,0) | D44: ] | E44: , | S44: =A43
A45: =CONCATENATE(B44,C44,D44,E44) | B45: [99999, | C45: =IF('Control Panel'!D13>0,'Control Panel'!C1,0) | D45: ] | E45: , | S45: =A44
A46: =CONCATENATE(B45,C45,D45,E45) | B46: [199999, | C46: =IF('Control Panel'!D14>0,'Control Panel'!C1,0) | D46: ] | E46: , | S46: =A45
A47: =CONCATENATE(B46,C46,D46,E46) | B47: [299999, | C47: =IF('Control Panel'!D15>0,'Control Panel'!C1,0) | D47: ] | E47: , | S47: =A46
A48: =CONCATENATE(B47,C47,D47,E47) | B48: [499999, | C48: =IF('Control Panel'!D16>0,'Control Panel'!C1,0) | D48: ] | E48: , | S48: =A47
A49: =CONCATENATE(B48,C48,D48,E48) | B49: [999999, | C49: =IF('Control Panel'!D17>0,'Control Panel'!C1,0) | D49: ] | E49: , | S49: =A48
A50: =CONCATENATE(B49,C49,D49,E49) | B50: [4999999, | C50: =IF('Control Panel'!D18>0,'Control Panel'!C1,0) | D50: ] | E50: , | S50: =A49
A51: =CONCATENATE(B50,C50,D50,E50) | B51: [9999999, | C51: =IF('Control Panel'!D19>0,'Control Panel'!C1,0) | D51: ] | E51: , | S51: =A50
A52: =CONCATENATE(B51,C51,D51,E51) | B52: [49999999, | C52: =IF('Control Panel'!D20>0,'Control Panel'!C1,0) | D52: ] | E52: , | S52: =A51
A53: =CONCATENATE(B52,C52,D52,E52) | B53: [99999999, | C53: =IF('Control Panel'!D21>0,'Control Panel'!C1,0) | D53: ] | E53: , | S53: =A52
A54: =CONCATENATE(B53,C53,D53,E53) | B54: ]; | S54: =A53
A55: =CONCATENATE(B54,C54,D54,E54) | S55: =A54
A56: =CONCATENATE(B55,C55,D55,E55) | B56: HitCheckTable[2] = | S56: =A55
A57: =CONCATENATE(B56,C56,D56,E56) | B57: [ | S57: =A56
A58: =CONCATENATE(B57,C57,D57,E57) | B58: [0, | C58: =IF('Control Panel'!E10>0,'Control Panel'!C1,0) | D58: ] | E58: , | S58: =A57
A59: =CONCATENATE(B58,C58,D58,E58) | B59: [9999, | C59: =IF('Control Panel'!E11>0,'Control Panel'!C1,0) | D59: ] | E59: , | S59: =A58
A60: =CONCATENATE(B59,C59,D59,E59) | B60: [49999, | C60: =IF('Control Panel'!E12>0,'Control Panel'!C1,0) | D60: ] | E60: , | S60: =A59
A61: =CONCATENATE(B60,C60,D60,E60) | B61: [99999, | C61: =IF('Control Panel'!E13>0,'Control Panel'!C1,0) | D61: ] | E61: , | S61: =A60
A62: =CONCATENATE(B61,C61,D61,E61) | B62: [199999, | C62: =IF('Control Panel'!E14>0,'Control Panel'!C1,0) | D62: ] | E62: , | S62: =A61
A63: =CONCATENATE(B62,C62,D62,E62) | B63: [299999, | C63: =IF('Control Panel'!E15>0,'Control Panel'!C1,0) | D63: ] | E63: , | S63: =A62
A64: =CONCATENATE(B63,C63,D63,E63) | B64: [499999, | C64: =IF('Control Panel'!E16>0,'Control Panel'!C1,0) | D64: ] | E64: , | S64: =A63
A65: =CONCATENATE(B64,C64,D64,E64) | B65: [999999, | C65: =IF('Control Panel'!E17>0,'Control Panel'!C1,0) | D65: ] | E65: , | S65: =A64
A66: =CONCATENATE(B65,C65,D65,E65) | B66: [4999999, | C66: =IF('Control Panel'!E18>0,'Control Panel'!C1,0) | D66: ] | E66: , | S66: =A65
A67: =CONCATENATE(B66,C66,D66,E66) | B67: [9999999, | C67: =IF('Control Panel'!E19>0,'Control Panel'!C1,0) | D67: ] | E67: , | S67: =A66
A68: =CONCATENATE(B67,C67,D67,E67) | B68: [49999999, | C68: =IF('Control Panel'!E20>0,'Control Panel'!C1,0) | D68: ] | E68: , | S68: =A67
A69: =CONCATENATE(B68,C68,D68,E68) | B69: [99999999, | C69: =IF('Control Panel'!E21>0,'Control Panel'!C1,0) | D69: ] | E69: , | S69: =A68
A70: =CONCATENATE(B69,C69,D69,E69) | B70: ]; | S70: =A69
A71: =CONCATENATE(B70,C70,D70,E70) | S71: =A70
A72: =CONCATENATE(B71,C71,D71,E71) | B72: HitCheckTable[3] = | S72: =A71
A73: =CONCATENATE(B72,C72,D72,E72) | B73: [ | S73: =A72
A74: =CONCATENATE(B73,C73,D73,E73) | B74: [0, | C74: =IF('Control Panel'!F10>0,'Control Panel'!C1,0) | D74: ] | E74: , | S74: =A73
A75: =CONCATENATE(B74,C74,D74,E74) | B75: [9999, | C75: =IF('Control Panel'!F11>0,'Control Panel'!C1,0) | D75: ] | E75: , | S75: =A74
A76: =CONCATENATE(B75,C75,D75,E75) | B76: [49999, | C76: =IF('Control Panel'!F12>0,'Control Panel'!C1,0) | D76: ] | E76: , | S76: =A75
A77: =CONCATENATE(B76,C76,D76,E76) | B77: [99999, | C77: =IF('Control Panel'!F13>0,'Control Panel'!C1,0) | D77: ] | E77: , | S77: =A76
A78: =CONCATENATE(B77,C77,D77,E77) | B78: [199999, | C78: =IF('Control Panel'!F14>0,'Control Panel'!C1,0) | D78: ] | E78: , | S78: =A77
A79: =CONCATENATE(B78,C78,D78,E78) | B79: [299999, | C79: =IF('Control Panel'!F15>0,'Control Panel'!C1,0) | D79: ] | E79: , | S79: =A78
A80: =CONCATENATE(B79,C79,D79,E79) | B80: [499999, | C80: =IF('Control Panel'!F16>0,'Control Panel'!C1,0) | D80: ] | E80: , | S80: =A79
A81: =CONCATENATE(B80,C80,D80,E80) | B81: [999999, | C81: =IF('Control Panel'!F17>0,'Control Panel'!C1,0) | D81: ] | E81: , | S81: =A80
A82: =CONCATENATE(B81,C81,D81,E81) | B82: [4999999, | C82: =IF('Control Panel'!F18>0,'Control Panel'!C1,0) | D82: ] | E82: , | S82: =A81
A83: =CONCATENATE(B82,C82,D82,E82) | B83: [9999999, | C83: =IF('Control Panel'!F19>0,'Control Panel'!C1,0) | D83: ] | E83: , | S83: =A82
A84: =CONCATENATE(B83,C83,D83,E83) | B84: [49999999, | C84: =IF('Control Panel'!F20>0,'Control Panel'!C1,0) | D84: ] | E84: , | S84: =A83
A85: =CONCATENATE(B84,C84,D84,E84) | B85: [99999999, | C85: =IF('Control Panel'!F21>0,'Control Panel'!C1,0) | D85: ] | E85: , | S85: =A84
A86: =CONCATENATE(B85,C85,D85,E85) | B86: ]; | S86: =A85
A87: =CONCATENATE(B86,C86,D86,E86) | S87: =A86
A88: =CONCATENATE(B87,C87,D87,E87) | B88: HitCheckTable[4] = | S88: =A87
A89: =CONCATENATE(B88,C88,D88,E88) | B89: [ | S89: =A88
A90: =CONCATENATE(B89,C89,D89,E89) | B90: [0, | C90: =IF('Control Panel'!G10>0,'Control Panel'!C1,0) | D90: ] | E90: , | S90: =A89
A91: =CONCATENATE(B90,C90,D90,E90) | B91: [9999, | C91: =IF('Control Panel'!G11>0,'Control Panel'!C1,0) | D91: ] | E91: , | S91: =A90
A92: =CONCATENATE(B91,C91,D91,E91) | B92: [49999, | C92: =IF('Control Panel'!G12>0,'Control Panel'!C1,0) | D92: ] | E92: , | S92: =A91
A93: =CONCATENATE(B92,C92,D92,E92) | B93: [99999, | C93: =IF('Control Panel'!G13>0,'Control Panel'!C1,0) | D93: ] | E93: , | S93: =A92
A94: =CONCATENATE(B93,C93,D93,E93) | B94: [199999, | C94: =IF('Control Panel'!G14>0,'Control Panel'!C1,0) | D94: ] | E94: , | S94: =A93
A95: =CONCATENATE(B94,C94,D94,E94) | B95: [299999, | C95: =IF('Control Panel'!G15>0,'Control Panel'!C1,0) | D95: ] | E95: , | S95: =A94
A96: =CONCATENATE(B95,C95,D95,E95) | B96: [499999, | C96: =IF('Control Panel'!G16>0,'Control Panel'!C1,0) | D96: ] | E96: , | S96: =A95
A97: =CONCATENATE(B96,C96,D96,E96) | B97: [999999, | C97: =IF('Control Panel'!G17>0,'Control Panel'!C1,0) | D97: ] | E97: , | S97: =A96
A98: =CONCATENATE(B97,C97,D97,E97) | B98: [4999999, | C98: =IF('Control Panel'!G18>0,'Control Panel'!C1,0) | D98: ] | E98: , | S98: =A97
A99: =CONCATENATE(B98,C98,D98,E98) | B99: [9999999, | C99: =IF('Control Panel'!G19>0,'Control Panel'!C1,0) | D99: ] | E99: , | S99: =A98
A100: =CONCATENATE(B99,C99,D99,E99) | B100: [49999999, | C100: =IF('Control Panel'!G20>0,'Control Panel'!C1,0) | D100: ] | E100: , | S100: =A99
A101: =CONCATENATE(B100,C100,D100,E100) | B101: [99999999, | C101: =IF('Control Panel'!G21>0,'Control Panel'!C1,0) | D101: ] | E101: , | S101: =A100
A102: =CONCATENATE(B101,C101,D101,E101) | B102: ]; | S102: =A101
A103: =CONCATENATE(B102,C102,D102,E102) | S103: =A102
...

Sheet Diamond Exchange
A1: CONFIDENTIAL — Shared for portfolio review purposes only. All game content is the property of its respective studio.
A2: Based on 3000 Spins | F2: Exchange | H2: Range | N2: Bingo Position Expected Value
A3: Bingo Level | B3: Avg Bingo Prize | C3: Amount per Symbol | D3: Multiplier | F3: Diamond | G3: Earned Amount/Diamond | H3: 50 | I3: 100 | J3: 200 | K3: 500 | L3: 1000 | N3: Bingo Level | O3: 1 | P3: 2 | Q3: 3 | R3: 4 | S3: 5
A4: 1 | B4: 435515.22 | C4: 33501.171 | D4: 1 | F4: 20 | G4: =B3/F3 | H4: =$G3*H$2 | I4: =$G3*I$2 | J4: =$G3*J$2 | K4: =$G3*K$2 | L4: =$G3*L$2 | N4: 1 | O4: 611 | P4: 94 | Q4: 76 | R4: 81 | S4: 85
A5: 2 | B5: 871030.45 | C5: 67002.342 | D5: 2 | F5: 40 | G5: =B4/F4 | H5: =$G4*H$2 | I5: =$G4*I$2 | J5: =$G4*J$2 | K5: =$G4*K$2 | L5: =$G4*L$2 | N5: 2 | O5: 305 | P5: 536 | Q5: 39 | R5: 41 | S5: 43
A6: 3 | B6: 1306545.7 | C6: 100503.51 | D6: 3 | F6: 60 | G6: =B5/F5 | H6: =$G5*H$2 | I6: =$G5*I$2 | J6: =$G5*J$2 | K6: =$G5*K$2 | L6: =$G5*L$2 | N6: 3 | O6: 204 | P6: 357 | Q6: 26 | R6: 27 | S6: 28
A7: 4 | B7: 2177576.1 | C7: 167505.86 | D7: 5 | F7: 100 | G7: =B6/F6 | H7: =$G6*H$2 | I7: =$G6*I$2 | J7: =$G6*J$2 | K7: =$G6*K$2 | L7: =$G6*L$2 | N7: 4 | O7: 35 | P7: 214 | Q7: 428 | R7: 16 | S7: 17
A8: 5 | B8: 2613091.3 | C8: 201007.03 | D8: 6 | F8: 120 | G8: =B7/F7 | H8: =$G7*H$2 | I8: =$G7*I$2 | J8: =$G7*J$2 | K8: =$G7*K$2 | L8: =$G7*L$2 | N8: 5 | O8: 30 | P8: 15 | Q8: 357 | R8: 413 | S8: 14
A9: 6 | B9: 3048606.6 | C9: 234508.2 | D9: 7 | F9: 140 | G9: =B8/F8 | H9: =$G8*H$2 | I9: =$G8*I$2 | J9: =$G8*J$2 | K9: =$G8*K$2 | L9: =$G8*L$2 | N9: 6 | O9: 25 | P9: 13 | Q9: 306 | R9: 354 | S9: 413
A10: 7 | B10: 3484121.8 | C10: 268009.37 | D10: 8 | F10: 160 | G10: =B9/F9 | H10: =$G9*H$2 | I10: =$G9*I$2 | J10: =$G9*J$2 | K10: =$G9*K$2 | L10: =$G9*L$2 | N10: 7 | O10: 22 | P10: 12 | Q10: 10 | R10: 310 | S10: 361
A11: 8 | B11: 4355152.2 | C11: 335011.71 | D11: 10 | F11: 200 | G11: =B10/F10 | H11: =$G10*H$2 | I11: =$G10*I$2 | J11: =$G10*J$2 | K11: =$G10*K$2 | L11: =$G10*L$2 | N11: 8 | O11: 18 | P11: 9 | Q11: 8 | R11: 8 | S11: 289
G12: Average | H12: =AVERAGE(H3:H10) | I12: =AVERAGE(I3:I10) | J12: =AVERAGE(J3:J10) | K12: =AVERAGE(K3:K10) | L12: =AVERAGE(L3:L10) | N12: Daily Expected Value | O12: 627316 | P12: 1006619 | Q12: 1830605.3 | R12: 2124709.6 | S12: 2448109.6
F13: Recommended-> | G13: 0.1 | H13: =H$11*$G12 | I13: =I$11*$G12 | J13: =J$11*$G12 | K13: =K$11*$G12 | L13: =L$11*$G12 | O13: Exchange Range
G14: 0.2 | H14: =H$11*$G13 | I14: =I$11*$G13 | J14: =J$11*$G13 | K14: =K$11*$G13 | L14: =L$11*$G13 | N14: Bingo Level | O14: 50 | P14: 100 | Q14: 200 | R14: 500 | S14: 1000 | T14: Bingo Prize
G15: 0.3 | H15: =H$11*$G14 | I15: =I$11*$G14 | J15: =J$11*$G14 | K15: =K$11*$G14 | L15: =L$11*$G14 | N15: 1 | O15: 0.5 | T15: 435515.22
N16: 2 | O16: 0.5 | P16: 0.5 | T16: 871030.45
N17: 3 | O17: 0.5 | P17: 0.5 | Q17: 1 | T17: 1306545.7
N18: 4 | O18: 0.5 | P18: 0.5 | Q18: 1 | R18: 1 | T18: 2177576.1
G19: Range | H19: 50 | I19: 100 | J19: 200 | K19: 500 | L19: 1000 | N19: 5 | P19: 0.5 | Q19: 0.5 | R19: 1 | S19: 1.5 | T19: 2613091.3
F20: Base Reward | G20: 0.1 | H20: =INDEX(H12:H14,MATCH($G19,$G$12:$G$14,0)) | I20: =INDEX(I12:I14,MATCH($G19,$G$12:$G$14,0)) | J20: =INDEX(J12:J14,MATCH($G19,$G$12:$G$14,0)) | K20: =INDEX(K12:K14,MATCH($G19,$G$12:$G$14,0)) | L20: =INDEX(L12:L14,MATCH($G19,$G$12:$G$14,0)) | N20: 6 | Q20: 0.5 | R20: 1 | S20: 1.5 | T20: 3048606.6
F21: Provided Bingo Coin | H21: =O31 | I21: =P31 | J21: =Q31 | K21: =R31 | L21: =S31 | N21: 7 | R21: 0.5 | S21: 1.5 | T21: 3484121.8
F22: Base Reward + Provided Bingo Coin | H22: =SUM(H19:H20) | I22: =SUM(I19:I20) | J22: =SUM(J19:J20) | K22: =SUM(K19:K20) | L22: =SUM(L19:L20) | N22: 8 | S22: 1.5 | T22: 4355152.2
F23: Bonus Rate | H23: =H21/H3 | I23: =I21/I3 | J23: =J21/J3 | K23: =K21/K3 | L23: =L21/L3 | N23: Provided Count | O23: =SUM(O14:O21) | P23: =SUM(P14:P21) | Q23: =SUM(Q14:Q21) | R23: =SUM(R14:R21) | S23: =SUM(S14:S21)
F24: Actual Diamond Value | G24: =AVERAGE(H22:L22) | H24: =G10*G23 | N24: 1 | O24: =$C3*O14 | P24: =$C3*P14 | Q24: =$C3*Q14 | R24: =$C3*R14 | S24: =$C3*S14
N25: 2 | O25: =$C4*O15 | P25: =$C4*P15 | Q25: =$C4*Q15 | R25: =$C4*R15 | S25: =$C4*S15
N26: 3 | O26: =$C5*O16 | P26: =$C5*P16 | Q26: =$C5*Q16 | R26: =$C5*R16 | S26: =$C5*S16
N27: 4 | O27: =$C6*O17 | P27: =$C6*P17 | Q27: =$C6*Q17 | R27: =$C6*R17 | S27: =$C6*S17
N28: 5 | O28: =$C7*O18 | P28: =$C7*P18 | Q28: =$C7*Q18 | R28: =$C7*R18 | S28: =$C7*S18
N29: 6 | O29: =$C8*O19 | P29: =$C8*P19 | Q29: =$C8*Q19 | R29: =$C8*R19 | S29: =$C8*S19
N30: 7 | O30: =$C9*O20 | P30: =$C9*P20 | Q30: =$C9*Q20 | R30: =$C9*R20 | S30: =$C9*S20
N31: 8 | O31: =$C10*O21 | P31: =$C10*P21 | Q31: =$C10*Q21 | R31: =$C10*R21 | S31: =$C10*S21
N32: Expected Value | O32: =SUM(O23:O30) | P32: =SUM(P23:P30) | Q32: =SUM(Q23:Q30) | R32: =SUM(R23:R30) | S32: =SUM(S23:S30)
N33: Multi | O33: 1 | P33: 2 | Q33: 4 | R33: 10 | S33: 20
P34: =$O$31*P32 | Q34: =$O$31*Q32 | R34: =$O$31*R32 | S34: =$O$31*S32

Sheet Live Server
A1: CONFIDENTIAL — Shared for portfolio review purposes only. All game content is the property of its respective studio.
A2: #Bet Range by Position Assignment. | B2: =CONCATENATE(C1,D1,E1,F1,G1,H1,I1,J1,K1,L1,M1,N1,O1,P1,Q1,R1,S1,T1,U1,V1,W1,X1,Y1,Z1,AA1,AB1,AC1,AD1,AE1,AF1,AG1,AH1,AI1,AJ1,AK1,AL1,AM1,AN1,AO1,AP1,AQ1,AR1,AS1,AT1,AU1,AV1,AW1,AX1,AY1,AZ1,BA1,BB1,BC1,BD1,BE1,BF1,BG1,BH1) | C2: #Bet Range by Position Assignment.
B3: =CONCATENATE(C2,D2,E2,F2,G2,H2,I2,J2,K2,L2,M2,N2,O2,P2,Q2,R2,S2,T2,U2,V2,W2,X2,Y2,Z2,AA2,AB2,AC2,AD2,AE2,AF2,AG2,AH2,AI2,AJ2,AK2,AL2,AM2,AN2,AO2,AP2,AQ2,AR2,AS2,AT2,AU2,AV2,AW2,AX2,AY2,AZ2,BA2,BB2,BC2,BD2,BE2,BF2,BG2,BH2) | C3: 0
A4: var eventBingoSelectTable = [ | B4: =CONCATENATE(C3,D3,E3,F3,G3,H3,I3,J3,K3,L3,M3,N3,O3,P3,Q3,R3,S3,T3,U3,V3,W3,X3,Y3,Z3,AA3,AB3,AC3,AD3,AE3,AF3,AG3,AH3,AI3,AJ3,AK3,AL3,AM3,AN3,AO3,AP3,AQ3,AR3,AS3,AT3,AU3,AV3,AW3,AX3,AY3,AZ3,BA3,BB3,BC3,BD3,BE3,BF3,BG3,BH3) | C4: var eventBingoSelectTable = [
A5: [ | B5: =CONCATENATE(C4,D4,E4,F4,G4,H4,I4,J4,K4,L4,M4,N4,O4,P4,Q4,R4,S4,T4,U4,V4,W4,X4,Y4,Z4,AA4,AB4,AC4,AD4,AE4,AF4,AG4,AH4,AI4,AJ4,AK4,AL4,AM4,AN4,AO4,AP4,AQ4,AR4,AS4,AT4,AU4,AV4,AW4,AX4,AY4,AZ4,BA4,BB4,BC4,BD4,BE4,BF4,BG4,BH4) | C5: [
A6: [1,5,1],[1,5,2],[1,5,3],[1,6,4],[1,5,5], | B6: =CONCATENATE(C5,D5,E5,F5,G5,H5,I5,J5,K5,L5,M5,N5,O5,P5,Q5,R5,S5,T5,U5,V5,W5,X5,Y5,Z5,AA5,AB5,AC5,AD5,AE5,AF5,AG5,AH5,AI5,AJ5,AK5,AL5,AM5,AN5,AO5,AP5,AQ5,AR5,AS5,AT5,AU5,AV5,AW5,AX5,AY5,AZ5,BA5,BB5,BC5,BD5,BE5,BF5,BG5,BH5) | C6: [1, | D6: ='Control Panel'!AA19 | E6: ,1],[1, | F6: ='Control Panel'!AB19 | G6: ,2],[1, | H6: ='Control Panel'!AD19 | I6: ,3],[1, | J6: ='Control Panel'!AD19 | K6: ,4],[1, | L6: ='Control Panel'!AE19 | M6: ,5],
A7: [1,5,6],[1,5,7],[1,5,8],[1,6,9],[1,5,10], | B7: =CONCATENATE(C6,D6,E6,F6,G6,H6,I6,J6,K6,L6,M6,N6,O6,P6,Q6,R6,S6,T6,U6,V6,W6,X6,Y6,Z6,AA6,AB6,AC6,AD6,AE6,AF6,AG6,AH6,AI6,AJ6,AK6,AL6,AM6,AN6,AO6,AP6,AQ6,AR6,AS6,AT6,AU6,AV6,AW6,AX6,AY6,AZ6,BA6,BB6,BC6,BD6,BE6,BF6,BG6,BH6) | C7: [1, | D7: ='Control Panel'!AA20 | E7: ,6],[1, | F7: ='Control Panel'!AB20 | G7: ,7],[1, | H7: ='Control Panel'!AD20 | I7: ,8],[1, | J7: ='Control Panel'!AD20 | K7: ,9],[1, | L7: ='Control Panel'!AE20 | M7: ,10],
A8: [1,5,11],[1,5,12],[1,0,13],[1,6,14],[1,5,15], | B8: =CONCATENATE(C7,D7,E7,F7,G7,H7,I7,J7,K7,L7,M7,N7,O7,P7,Q7,R7,S7,T7,U7,V7,W7,X7,Y7,Z7,AA7,AB7,AC7,AD7,AE7,AF7,AG7,AH7,AI7,AJ7,AK7,AL7,AM7,AN7,AO7,AP7,AQ7,AR7,AS7,AT7,AU7,AV7,AW7,AX7,AY7,AZ7,BA7,BB7,BC7,BD7,BE7,BF7,BG7,BH7) | C8: [1, | D8: ='Control Panel'!AA21 | E8: ,11],[1, | F8: ='Control Panel'!AB21 | G8: ,12],[1, | H8: 0 | I8: ,13],[1, | J8: ='Control Panel'!AD21 | K8: ,14],[1, | L8: ='Control Panel'!AE21 | M8: ,15],
A9: [1,5,16],[1,5,17],[1,5,18],[1,6,19],[1,5,20], | B9: =CONCATENATE(C8,D8,E8,F8,G8,H8,I8,J8,K8,L8,M8,N8,O8,P8,Q8,R8,S8,T8,U8,V8,W8,X8,Y8,Z8,AA8,AB8,AC8,AD8,AE8,AF8,AG8,AH8,AI8,AJ8,AK8,AL8,AM8,AN8,AO8,AP8,AQ8,AR8,AS8,AT8,AU8,AV8,AW8,AX8,AY8,AZ8,BA8,BB8,BC8,BD8,BE8,BF8,BG8,BH8) | C9: [1, | D9: ='Control Panel'!AA22 | E9: ,16],[1, | F9: ='Control Panel'!AB22 | G9: ,17],[1, | H9: ='Control Panel'!AD22 | I9: ,18],[1, | J9: ='Control Panel'!AD22 | K9: ,19],[1, | L9: ='Control Panel'!AE22 | M9: ,20],
A10: [1,5,21],[1,5,22],[1,5,23],[1,6,24],[1,5,25], | B10: =CONCATENATE(C9,D9,E9,F9,G9,H9,I9,J9,K9,L9,M9,N9,O9,P9,Q9,R9,S9,T9,U9,V9,W9,X9,Y9,Z9,AA9,AB9,AC9,AD9,AE9,AF9,AG9,AH9,AI9,AJ9,AK9,AL9,AM9,AN9,AO9,AP9,AQ9,AR9,AS9,AT9,AU9,AV9,AW9,AX9,AY9,AZ9,BA9,BB9,BC9,BD9,BE9,BF9,BG9,BH9) | C10: [1, | D10: ='Control Panel'!AA23 | E10: ,21],[1, | F10: ='Control Panel'!AB23 | G10: ,22],[1, | H10: ='Control Panel'!AD23 | I10: ,23],[1, | J10: ='Control Panel'!AD23 | K10: ,24],[1, | L10: ='Control Panel'!AE23 | M10: ,25],
B11: =CONCATENATE(C10,D10,E10,F10,G10,H10,I10,J10,K10,L10,M10,N10,O10,P10,Q10,R10,S10,T10,U10,V10,W10,X10,Y10,Z10,AA10,AB10,AC10,AD10,AE10,AF10,AG10,AH10,AI10,AJ10,AK10,AL10,AM10,AN10,AO10,AP10,AQ10,AR10,AS10,AT10,AU10,AV10,AW10,AX10,AY10,AZ10,BA10,BB10,BC10,BD10,BE10,BF10,BG10,BH10)
A12: [2,5,1],[2,5,2],[2,5,3],[2,6,4],[2,5,5], | B12: =CONCATENATE(C11,D11,E11,F11,G11,H11,I11,J11,K11,L11,M11,N11,O11,P11,Q11,R11,S11,T11,U11,V11,W11,X11,Y11,Z11,AA11,AB11,AC11,AD11,AE11,AF11,AG11,AH11,AI11,AJ11,AK11,AL11,AM11,AN11,AO11,AP11,AQ11,AR11,AS11,AT11,AU11,AV11,AW11,AX11,AY11,AZ11,BA11,BB11,BC11,BD11,BE11,BF11,BG11,BH11) | C12: [2, | D12: ='Control Panel'!AG19 | E12: ,1],[2, | F12: =$D$11 | G12: ,2],[2, | H12: =$D$11 | I12: ,3],[2, | J12: =$D$11 | K12: ,4],[2, | L12: =$D$11 | M12: ,5],
A13: [2,5,6],[2,5,7],[2,5,8],[2,6,9],[2,5,10], | B13: =CONCATENATE(C12,D12,E12,F12,G12,H12,I12,J12,K12,L12,M12,N12,O12,P12,Q12,R12,S12,T12,U12,V12,W12,X12,Y12,Z12,AA12,AB12,AC12,AD12,AE12,AF12,AG12,AH12,AI12,AJ12,AK12,AL12,AM12,AN12,AO12,AP12,AQ12,AR12,AS12,AT12,AU12,AV12,AW12,AX12,AY12,AZ12,BA12,BB12,BC12,BD12,BE12,BF12,BG12,BH12) | C13: [2, | D13: =$D$11 | E13: ,6],[2, | F13: =$D$11 | G13: ,7],[2, | H13: =$D$11 | I13: ,8],[2, | J13: =$D$11 | K13: ,9],[2, | L13: =$D$11 | M13: ,10],
A14: [2,5,11],[2,5,12],[2,0,13],[2,6,14],[2,5,15], | B14: =CONCATENATE(C13,D13,E13,F13,G13,H13,I13,J13,K13,L13,M13,N13,O13,P13,Q13,R13,S13,T13,U13,V13,W13,X13,Y13,Z13,AA13,AB13,AC13,AD13,AE13,AF13,AG13,AH13,AI13,AJ13,AK13,AL13,AM13,AN13,AO13,AP13,AQ13,AR13,AS13,AT13,AU13,AV13,AW13,AX13,AY13,AZ13,BA13,BB13,BC13,BD13,BE13,BF13,BG13,BH13) | C14: [2, | D14: =$D$11 | E14: ,11],[2, | F14: =$D$11 | G14: ,12],[2, | H14: 0 | I14: ,13],[2, | J14: =$D$11 | K14: ,14],[2, | L14: =$D$11 | M14: ,15],
A15: [2,5,16],[2,5,17],[2,5,18],[2,6,19],[2,5,20], | B15: =CONCATENATE(C14,D14,E14,F14,G14,H14,I14,J14,K14,L14,M14,N14,O14,P14,Q14,R14,S14,T14,U14,V14,W14,X14,Y14,Z14,AA14,AB14,AC14,AD14,AE14,AF14,AG14,AH14,AI14,AJ14,AK14,AL14,AM14,AN14,AO14,AP14,AQ14,AR14,AS14,AT14,AU14,AV14,AW14,AX14,AY14,AZ14,BA14,BB14,BC14,BD14,BE14,BF14,BG14,BH14) | C15: [2, | D15: =$D$11 | E15: ,16],[2, | F15: =$D$11 | G15: ,17],[2, | H15: =$D$11 | I15: ,18],[2, | J15: =$D$11 | K15: ,19],[2, | L15: =$D$11 | M15: ,20],
A16: [2,5,21],[2,5,22],[2,5,23],[2,6,24],[2,5,25], | B16: =CONCATENATE(C15,D15,E15,F15,G15,H15,I15,J15,K15,L15,M15,N15,O15,P15,Q15,R15,S15,T15,U15,V15,W15,X15,Y15,Z15,AA15,AB15,AC15,AD15,AE15,AF15,AG15,AH15,AI15,AJ15,AK15,AL15,AM15,AN15,AO15,AP15,AQ15,AR15,AS15,AT15,AU15,AV15,AW15,AX15,AY15,AZ15,BA15,BB15,BC15,BD15,BE15,BF15,BG15,BH15) | C16: [2, | D16: =$D$11 | E16: ,21],[2, | F16: =$D$11 | G16: ,22],[2, | H16: =$D$11 | I16: ,23],[2, | J16: =$D$11 | K16: ,24],[2, | L16: =$D$11 | M16: ,25],
B17: =CONCATENATE(C16,D16,E16,F16,G16,H16,I16,J16,K16,L16,M16,N16,O16,P16,Q16,R16,S16,T16,U16,V16,W16,X16,Y16,Z16,AA16,AB16,AC16,AD16,AE16,AF16,AG16,AH16,AI16,AJ16,AK16,AL16,AM16,AN16,AO16,AP16,AQ16,AR16,AS16,AT16,AU16,AV16,AW16,AX16,AY16,AZ16,BA16,BB16,BC16,BD16,BE16,BF16,BG16,BH16)
A18: [3,5,1],[3,5,2],[3,5,3],[3,6,4],[3,5,5], | B18: =CONCATENATE(C17,D17,E17,F17,G17,H17,I17,J17,K17,L17,M17,N17,O17,P17,Q17,R17,S17,T17,U17,V17,W17,X17,Y17,Z17,AA17,AB17,AC17,AD17,AE17,AF17,AG17,AH17,AI17,AJ17,AK17,AL17,AM17,AN17,AO17,AP17,AQ17,AR17,AS17,AT17,AU17,AV17,AW17,AX17,AY17,AZ17,BA17,BB17,BC17,BD17,BE17,BF17,BG17,BH17) | C18: [3, | D18: ='Control Panel'!AM19 | E18: ,1],[3, | F18: =$D$17 | G18: ,2],[3, | H18: =$D$17 | I18: ,3],[3, | J18: =$D$17 | K18: ,4],[3, | L18: =$D$17 | M18: ,5],
A19: [3,5,6],[3,5,7],[3,5,8],[3,6,9],[3,5,10], | B19: =CONCATENATE(C18,D18,E18,F18,G18,H18,I18,J18,K18,L18,M18,N18,O18,P18,Q18,R18,S18,T18,U18,V18,W18,X18,Y18,Z18,AA18,AB18,AC18,AD18,AE18,AF18,AG18,AH18,AI18,AJ18,AK18,AL18,AM18,AN18,AO18,AP18,AQ18,AR18,AS18,AT18,AU18,AV18,AW18,AX18,AY18,AZ18,BA18,BB18,BC18,BD18,BE18,BF18,BG18,BH18) | C19: [3, | D19: =$D$17 | E19: ,6],[3, | F19: =$D$17 | G19: ,7],[3, | H19: =$D$17 | I19: ,8],[3, | J19: =$D$17 | K19: ,9],[3, | L19: =$D$17 | M19: ,10],
A20: [3,5,11],[3,5,12],[3,0,13],[3,6,14],[3,5,15], | B20: =CONCATENATE(C19,D19,E19,F19,G19,H19,I19,J19,K19,L19,M19,N19,O19,P19,Q19,R19,S19,T19,U19,V19,W19,X19,Y19,Z19,AA19,AB19,AC19,AD19,AE19,AF19,AG19,AH19,AI19,AJ19,AK19,AL19,AM19,AN19,AO19,AP19,AQ19,AR19,AS19,AT19,AU19,AV19,AW19,AX19,AY19,AZ19,BA19,BB19,BC19,BD19,BE19,BF19,BG19,BH19) | C20: [3, | D20: =$D$17 | E20: ,11],[3, | F20: =$D$17 | G20: ,12],[3, | H20: 0 | I20: ,13],[3, | J20: =$D$17 | K20: ,14],[3, | L20: =$D$17 | M20: ,15],
A21: [3,5,16],[3,5,17],[3,5,18],[3,6,19],[3,5,20], | B21: =CONCATENATE(C20,D20,E20,F20,G20,H20,I20,J20,K20,L20,M20,N20,O20,P20,Q20,R20,S20,T20,U20,V20,W20,X20,Y20,Z20,AA20,AB20,AC20,AD20,AE20,AF20,AG20,AH20,AI20,AJ20,AK20,AL20,AM20,AN20,AO20,AP20,AQ20,AR20,AS20,AT20,AU20,AV20,AW20,AX20,AY20,AZ20,BA20,BB20,BC20,BD20,BE20,BF20,BG20,BH20) | C21: [3, | D21: =$D$17 | E21: ,16],[3, | F21: =$D$17 | G21: ,17],[3, | H21: =$D$17 | I21: ,18],[3, | J21: =$D$17 | K21: ,19],[3, | L21: =$D$17 | M21: ,20],
A22: [3,5,21],[3,5,22],[3,5,23],[3,6,24],[3,5,25], | B22: =CONCATENATE(C21,D21,E21,F21,G21,H21,I21,J21,K21,L21,M21,N21,O21,P21,Q21,R21,S21,T21,U21,V21,W21,X21,Y21,Z21,AA21,AB21,AC21,AD21,AE21,AF21,AG21,AH21,AI21,AJ21,AK21,AL21,AM21,AN21,AO21,AP21,AQ21,AR21,AS21,AT21,AU21,AV21,AW21,AX21,AY21,AZ21,BA21,BB21,BC21,BD21,BE21,BF21,BG21,BH21) | C22: [3, | D22: =$D$17 | E22: ,21],[3, | F22: =$D$17 | G22: ,22],[3, | H22: =$D$17 | I22: ,23],[3, | J22: =$D$17 | K22: ,24],[3, | L22: =$D$17 | M22: ,25],
B23: =CONCATENATE(C22,D22,E22,F22,G22,H22,I22,J22,K22,L22,M22,N22,O22,P22,Q22,R22,S22,T22,U22,V22,W22,X22,Y22,Z22,AA22,AB22,AC22,AD22,AE22,AF22,AG22,AH22,AI22,AJ22,AK22,AL22,AM22,AN22,AO22,AP22,AQ22,AR22,AS22,AT22,AU22,AV22,AW22,AX22,AY22,AZ22,BA22,BB22,BC22,BD22,BE22,BF22,BG22,BH22)
A24: [4,5,1],[4,5,2],[4,5,3],[4,6,4],[4,5,5], | B24: =CONCATENATE(C23,D23,E23,F23,G23,H23,I23,J23,K23,L23,M23,N23,O23,P23,Q23,R23,S23,T23,U23,V23,W23,X23,Y23,Z23,AA23,AB23,AC23,AD23,AE23,AF23,AG23,AH23,AI23,AJ23,AK23,AL23,AM23,AN23,AO23,AP23,AQ23,AR23,AS23,AT23,AU23,AV23,AW23,AX23,AY23,AZ23,BA23,BB23,BC23,BD23,BE23,BF23,BG23,BH23) | C24: [4, | D24: ='Control Panel'!AS19 | E24: ,1],[4, | F24: =$D$23 | G24: ,2],[4, | H24: =$D$23 | I24: ,3],[4, | J24: =$D$23 | K24: ,4],[4, | L24: =$D$23 | M24: ,5],
A25: [4,5,6],[4,5,7],[4,5,8],[4,6,9],[4,5,10], | B25: =CONCATENATE(C24,D24,E24,F24,G24,H24,I24,J24,K24,L24,M24,N24,O24,P24,Q24,R24,S24,T24,U24,V24,W24,X24,Y24,Z24,AA24,AB24,AC24,AD24,AE24,AF24,AG24,AH24,AI24,AJ24,AK24,AL24,AM24,AN24,AO24,AP24,AQ24,AR24,AS24,AT24,AU24,AV24,AW24,AX24,AY24,AZ24,BA24,BB24,BC24,BD24,BE24,BF24,BG24,BH24) | C25: [4, | D25: =$D$23 | E25: ,6],[4, | F25: =$D$23 | G25: ,7],[4, | H25: =$D$23 | I25: ,8],[4, | J25: =$D$23 | K25: ,9],[4, | L25: =$D$23 | M25: ,10],
A26: [4,5,11],[4,5,12],[4,0,13],[4,6,14],[4,5,15], | B26: =CONCATENATE(C25,D25,E25,F25,G25,H25,I25,J25,K25,L25,M25,N25,O25,P25,Q25,R25,S25,T25,U25,V25,W25,X25,Y25,Z25,AA25,AB25,AC25,AD25,AE25,AF25,AG25,AH25,AI25,AJ25,AK25,AL25,AM25,AN25,AO25,AP25,AQ25,AR25,AS25,AT25,AU25,AV25,AW25,AX25,AY25,AZ25,BA25,BB25,BC25,BD25,BE25,BF25,BG25,BH25) | C26: [4, | D26: =$D$23 | E26: ,11],[4, | F26: =$D$23 | G26: ,12],[4, | H26: 0 | I26: ,13],[4, | J26: =$D$23 | K26: ,14],[4, | L26: =$D$23 | M26: ,15],
A27: [4,5,16],[4,5,17],[4,5,18],[4,6,19],[4,5,20], | B27: =CONCATENATE(C26,D26,E26,F26,G26,H26,I26,J26,K26,L26,M26,N26,O26,P26,Q26,R26,S26,T26,U26,V26,W26,X26,Y26,Z26,AA26,AB26,AC26,AD26,AE26,AF26,AG26,AH26,AI26,AJ26,AK26,AL26,AM26,AN26,AO26,AP26,AQ26,AR26,AS26,AT26,AU26,AV26,AW26,AX26,AY26,AZ26,BA26,BB26,BC26,BD26,BE26,BF26,BG26,BH26) | C27: [4, | D27: =$D$23 | E27: ,16],[4, | F27: =$D$23 | G27: ,17],[4, | H27: =$D$23 | I27: ,18],[4, | J27: =$D$23 | K27: ,19],[4, | L27: =$D$23 | M27: ,20],
A28: [4,5,21],[4,5,22],[4,5,23],[4,6,24],[4,5,25], | B28: =CONCATENATE(C27,D27,E27,F27,G27,H27,I27,J27,K27,L27,M27,N27,O27,P27,Q27,R27,S27,T27,U27,V27,W27,X27,Y27,Z27,AA27,AB27,AC27,AD27,AE27,AF27,AG27,AH27,AI27,AJ27,AK27,AL27,AM27,AN27,AO27,AP27,AQ27,AR27,AS27,AT27,AU27,AV27,AW27,AX27,AY27,AZ27,BA27,BB27,BC27,BD27,BE27,BF27,BG27,BH27) | C28: [4, | D28: =$D$23 | E28: ,21],[4, | F28: =$D$23 | G28: ,22],[4, | H28: =$D$23 | I28: ,23],[4, | J28: =$D$23 | K28: ,24],[4, | L28: =$D$23 | M28: ,25],
B29: =CONCATENATE(C28,D28,E28,F28,G28,H28,I28,J28,K28,L28,M28,N28,O28,P28,Q28,R28,S28,T28,U28,V28,W28,X28,Y28,Z28,AA28,AB28,AC28,AD28,AE28,AF28,AG28,AH28,AI28,AJ28,AK28,AL28,AM28,AN28,AO28,AP28,AQ28,AR28,AS28,AT28,AU28,AV28,AW28,AX28,AY28,AZ28,BA28,BB28,BC28,BD28,BE28,BF28,BG28,BH28)
A30: [5,5,1],[5,5,2],[5,5,3],[5,6,4],[5,5,5], | B30: =CONCATENATE(C29,D29,E29,F29,G29,H29,I29,J29,K29,L29,M29,N29,O29,P29,Q29,R29,S29,T29,U29,V29,W29,X29,Y29,Z29,AA29,AB29,AC29,AD29,AE29,AF29,AG29,AH29,AI29,AJ29,AK29,AL29,AM29,AN29,AO29,AP29,AQ29,AR29,AS29,AT29,AU29,AV29,AW29,AX29,AY29,AZ29,BA29,BB29,BC29,BD29,BE29,BF29,BG29,BH29) | C30: [5, | D30: ='Control Panel'!AA26 | E30: ,1],[5, | F30: =$D$29 | G30: ,2],[5, | H30: =$D$29 | I30: ,3],[5, | J30: =$D$29 | K30: ,4],[5, | L30: =$D$29 | M30: ,5],
A31: [5,5,6],[5,5,7],[5,5,8],[5,6,9],[5,5,10], | B31: =CONCATENATE(C30,D30,E30,F30,G30,H30,I30,J30,K30,L30,M30,N30,O30,P30,Q30,R30,S30,T30,U30,V30,W30,X30,Y30,Z30,AA30,AB30,AC30,AD30,AE30,AF30,AG30,AH30,AI30,AJ30,AK30,AL30,AM30,AN30,AO30,AP30,AQ30,AR30,AS30,AT30,AU30,AV30,AW30,AX30,AY30,AZ30,BA30,BB30,BC30,BD30,BE30,BF30,BG30,BH30) | C31: [5, | D31: =$D$29 | E31: ,6],[5, | F31: =$D$29 | G31: ,7],[5, | H31: =$D$29 | I31: ,8],[5, | J31: =$D$29 | K31: ,9],[5, | L31: =$D$29 | M31: ,10],
A32: [5,5,11],[5,5,12],[5,0,13],[5,6,14],[5,5,15], | B32: =CONCATENATE(C31,D31,E31,F31,G31,H31,I31,J31,K31,L31,M31,N31,O31,P31,Q31,R31,S31,T31,U31,V31,W31,X31,Y31,Z31,AA31,AB31,AC31,AD31,AE31,AF31,AG31,AH31,AI31,AJ31,AK31,AL31,AM31,AN31,AO31,AP31,AQ31,AR31,AS31,AT31,AU31,AV31,AW31,AX31,AY31,AZ31,BA31,BB31,BC31,BD31,BE31,BF31,BG31,BH31) | C32: [5, | D32: =$D$29 | E32: ,11],[5, | F32: =$D$29 | G32: ,12],[5, | H32: 0 | I32: ,13],[5, | J32: =$D$29 | K32: ,14],[5, | L32: =$D$29 | M32: ,15],
A33: [5,5,16],[5,5,17],[5,5,18],[5,6,19],[5,5,20], | B33: =CONCATENATE(C32,D32,E32,F32,G32,H32,I32,J32,K32,L32,M32,N32,O32,P32,Q32,R32,S32,T32,U32,V32,W32,X32,Y32,Z32,AA32,AB32,AC32,AD32,AE32,AF32,AG32,AH32,AI32,AJ32,AK32,AL32,AM32,AN32,AO32,AP32,AQ32,AR32,AS32,AT32,AU32,AV32,AW32,AX32,AY32,AZ32,BA32,BB32,BC32,BD32,BE32,BF32,BG32,BH32) | C33: [5, | D33: =$D$29 | E33: ,16],[5, | F33: =$D$29 | G33: ,17],[5, | H33: =$D$29 | I33: ,18],[5, | J33: =$D$29 | K33: ,19],[5, | L33: =$D$29 | M33: ,20],
A34: [5,5,21],[5,5,22],[5,5,23],[5,6,24],[5,5,25], | B34: =CONCATENATE(C33,D33,E33,F33,G33,H33,I33,J33,K33,L33,M33,N33,O33,P33,Q33,R33,S33,T33,U33,V33,W33,X33,Y33,Z33,AA33,AB33,AC33,AD33,AE33,AF33,AG33,AH33,AI33,AJ33,AK33,AL33,AM33,AN33,AO33,AP33,AQ33,AR33,AS33,AT33,AU33,AV33,AW33,AX33,AY33,AZ33,BA33,BB33,BC33,BD33,BE33,BF33,BG33,BH33) | C34: [5, | D34: =$D$29 | E34: ,21],[5, | F34: =$D$29 | G34: ,22],[5, | H34: =$D$29 | I34: ,23],[5, | J34: =$D$29 | K34: ,24],[5, | L34: =$D$29 | M34: ,25],
B35: =CONCATENATE(C34,D34,E34,F34,G34,H34,I34,J34,K34,L34,M34,N34,O34,P34,Q34,R34,S34,T34,U34,V34,W34,X34,Y34,Z34,AA34,AB34,AC34,AD34,AE34,AF34,AG34,AH34,AI34,AJ34,AK34,AL34,AM34,AN34,AO34,AP34,AQ34,AR34,AS34,AT34,AU34,AV34,AW34,AX34,AY34,AZ34,BA34,BB34,BC34,BD34,BE34,BF34,BG34,BH34)
A36: [6,5,1],[6,5,2],[6,5,3],[6,6,4],[6,5,5], | B36: =CONCATENATE(C35,D35,E35,F35,G35,H35,I35,J35,K35,L35,M35,N35,O35,P35,Q35,R35,S35,T35,U35,V35,W35,X35,Y35,Z35,AA35,AB35,AC35,AD35,AE35,AF35,AG35,AH35,AI35,AJ35,AK35,AL35,AM35,AN35,AO35,AP35,AQ35,AR35,AS35,AT35,AU35,AV35,AW35,AX35,AY35,AZ35,BA35,BB35,BC35,BD35,BE35,BF35,BG35,BH35) | C36: [6, | D36: ='Control Panel'!AG26 | E36: ,1],[6, | F36: =$D$35 | G36: ,2],[6, | H36: =$D$35 | I36: ,3],[6, | J36: =$D$35 | K36: ,4],[6, | L36: =$D$35 | M36: ,5],
A37: [6,5,6],[6,5,7],[6,5,8],[6,6,9],[6,5,10], | B37: =CONCATENATE(C36,D36,E36,F36,G36,H36,I36,J36,K36,L36,M36,N36,O36,P36,Q36,R36,S36,T36,U36,V36,W36,X36,Y36,Z36,AA36,AB36,AC36,AD36,AE36,AF36,AG36,AH36,AI36,AJ36,AK36,AL36,AM36,AN36,AO36,AP36,AQ36,AR36,AS36,AT36,AU36,AV36,AW36,AX36,AY36,AZ36,BA36,BB36,BC36,BD36,BE36,BF36,BG36,BH36) | C37: [6, | D37: =$D$35 | E37: ,6],[6, | F37: =$D$35 | G37: ,7],[6, | H37: =$D$35 | I37: ,8],[6, | J37: =$D$35 | K37: ,9],[6, | L37: =$D$35 | M37: ,10],
A38: [6,5,11],[6,5,12],[6,0,13],[6,6,14],[6,5,15], | B38: =CONCATENATE(C37,D37,E37,F37,G37,H37,I37,J37,K37,L37,M37,N37,O37,P37,Q37,R37,S37,T37,U37,V37,W37,X37,Y37,Z37,AA37,AB37,AC37,AD37,AE37,AF37,AG37,AH37,AI37,AJ37,AK37,AL37,AM37,AN37,AO37,AP37,AQ37,AR37,AS37,AT37,AU37,AV37,AW37,AX37,AY37,AZ37,BA37,BB37,BC37,BD37,BE37,BF37,BG37,BH37) | C38: [6, | D38: =$D$35 | E38: ,11],[6, | F38: =$D$35 | G38: ,12],[6, | H38: 0 | I38: ,13],[6, | J38: =$D$35 | K38: ,14],[6, | L38: =$D$35 | M38: ,15],
A39: [6,5,16],[6,5,17],[6,5,18],[6,6,19],[6,5,20], | B39: =CONCATENATE(C38,D38,E38,F38,G38,H38,I38,J38,K38,L38,M38,N38,O38,P38,Q38,R38,S38,T38,U38,V38,W38,X38,Y38,Z38,AA38,AB38,AC38,AD38,AE38,AF38,AG38,AH38,AI38,AJ38,AK38,AL38,AM38,AN38,AO38,AP38,AQ38,AR38,AS38,AT38,AU38,AV38,AW38,AX38,AY38,AZ38,BA38,BB38,BC38,BD38,BE38,BF38,BG38,BH38) | C39: [6, | D39: =$D$35 | E39: ,16],[6, | F39: =$D$35 | G39: ,17],[6, | H39: =$D$35 | I39: ,18],[6, | J39: =$D$35 | K39: ,19],[6, | L39: =$D$35 | M39: ,20],
A40: [6,5,21],[6,5,22],[6,5,23],[6,6,24],[6,5,25], | B40: =CONCATENATE(C39,D39,E39,F39,G39,H39,I39,J39,K39,L39,M39,N39,O39,P39,Q39,R39,S39,T39,U39,V39,W39,X39,Y39,Z39,AA39,AB39,AC39,AD39,AE39,AF39,AG39,AH39,AI39,AJ39,AK39,AL39,AM39,AN39,AO39,AP39,AQ39,AR39,AS39,AT39,AU39,AV39,AW39,AX39,AY39,AZ39,BA39,BB39,BC39,BD39,BE39,BF39,BG39,BH39) | C40: [6, | D40: =$D$35 | E40: ,21],[6, | F40: =$D$35 | G40: ,22],[6, | H40: =$D$35 | I40: ,23],[6, | J40: =$D$35 | K40: ,24],[6, | L40: =$D$35 | M40: ,25],
B41: =CONCATENATE(C40,D40,E40,F40,G40,H40,I40,J40,K40,L40,M40,N40,O40,P40,Q40,R40,S40,T40,U40,V40,W40,X40,Y40,Z40,AA40,AB40,AC40,AD40,AE40,AF40,AG40,AH40,AI40,AJ40,AK40,AL40,AM40,AN40,AO40,AP40,AQ40,AR40,AS40,AT40,AU40,AV40,AW40,AX40,AY40,AZ40,BA40,BB40,BC40,BD40,BE40,BF40,BG40,BH40)
A42: [7,5,1],[7,5,2],[7,5,3],[7,6,4],[7,5,5], | B42: =CONCATENATE(C41,D41,E41,F41,G41,H41,I41,J41,K41,L41,M41,N41,O41,P41,Q41,R41,S41,T41,U41,V41,W41,X41,Y41,Z41,AA41,AB41,AC41,AD41,AE41,AF41,AG41,AH41,AI41,AJ41,AK41,AL41,AM41,AN41,AO41,AP41,AQ41,AR41,AS41,AT41,AU41,AV41,AW41,AX41,AY41,AZ41,BA41,BB41,BC41,BD41,BE41,BF41,BG41,BH41) | C42: [7, | D42: ='Control Panel'!AM26 | E42: ,1],[7, | F42: =$D$41 | G42: ,2],[7, | H42: =$D$41 | I42: ,3],[7, | J42: =$D$41 | K42: ,4],[7, | L42: =$D$41 | M42: ,5],
A43: [7,5,6],[7,5,7],[7,5,8],[7,6,9],[7,5,10], | B43: =CONCATENATE(C42,D42,E42,F42,G42,H42,I42,J42,K42,L42,M42,N42,O42,P42,Q42,R42,S42,T42,U42,V42,W42,X42,Y42,Z42,AA42,AB42,AC42,AD42,AE42,AF42,AG42,AH42,AI42,AJ42,AK42,AL42,AM42,AN42,AO42,AP42,AQ42,AR42,AS42,AT42,AU42,AV42,AW42,AX42,AY42,AZ42,BA42,BB42,BC42,BD42,BE42,BF42,BG42,BH42) | C43: [7, | D43: =$D$41 | E43: ,6],[7, | F43: =$D$41 | G43: ,7],[7, | H43: =$D$41 | I43: ,8],[7, | J43: =$D$41 | K43: ,9],[7, | L43: =$D$41 | M43: ,10],
A44: [7,5,11],[7,5,12],[7,0,13],[7,6,14],[7,5,15], | B44: =CONCATENATE(C43,D43,E43,F43,G43,H43,I43,J43,K43,L43,M43,N43,O43,P43,Q43,R43,S43,T43,U43,V43,W43,X43,Y43,Z43,AA43,AB43,AC43,AD43,AE43,AF43,AG43,AH43,AI43,AJ43,AK43,AL43,AM43,AN43,AO43,AP43,AQ43,AR43,AS43,AT43,AU43,AV43,AW43,AX43,AY43,AZ43,BA43,BB43,BC43,BD43,BE43,BF43,BG43,BH43) | C44: [7, | D44: =$D$41 | E44: ,11],[7, | F44: =$D$41 | G44: ,12],[7, | H44: 0 | I44: ,13],[7, | J44: =$D$41 | K44: ,14],[7, | L44: =$D$41 | M44: ,15],
A45: [7,5,16],[7,5,17],[7,5,18],[7,6,19],[7,5,20], | B45: =CONCATENATE(C44,D44,E44,F44,G44,H44,I44,J44,K44,L44,M44,N44,O44,P44,Q44,R44,S44,T44,U44,V44,W44,X44,Y44,Z44,AA44,AB44,AC44,AD44,AE44,AF44,AG44,AH44,AI44,AJ44,AK44,AL44,AM44,AN44,AO44,AP44,AQ44,AR44,AS44,AT44,AU44,AV44,AW44,AX44,AY44,AZ44,BA44,BB44,BC44,BD44,BE44,BF44,BG44,BH44) | C45: [7, | D45: =$D$41 | E45: ,16],[7, | F45: =$D$41 | G45: ,17],[7, | H45: =$D$41 | I45: ,18],[7, | J45: =$D$41 | K45: ,19],[7, | L45: =$D$41 | M45: ,20],
A46: [7,5,21],[7,5,22],[7,5,23],[7,6,24],[7,5,25], | B46: =CONCATENATE(C45,D45,E45,F45,G45,H45,I45,J45,K45,L45,M45,N45,O45,P45,Q45,R45,S45,T45,U45,V45,W45,X45,Y45,Z45,AA45,AB45,AC45,AD45,AE45,AF45,AG45,AH45,AI45,AJ45,AK45,AL45,AM45,AN45,AO45,AP45,AQ45,AR45,AS45,AT45,AU45,AV45,AW45,AX45,AY45,AZ45,BA45,BB45,BC45,BD45,BE45,BF45,BG45,BH45) | C46: [7, | D46: =$D$41 | E46: ,21],[7, | F46: =$D$41 | G46: ,22],[7, | H46: =$D$41 | I46: ,23],[7, | J46: =$D$41 | K46: ,24],[7, | L46: =$D$41 | M46: ,25],
B47: =CONCATENATE(C46,D46,E46,F46,G46,H46,I46,J46,K46,L46,M46,N46,O46,P46,Q46,R46,S46,T46,U46,V46,W46,X46,Y46,Z46,AA46,AB46,AC46,AD46,AE46,AF46,AG46,AH46,AI46,AJ46,AK46,AL46,AM46,AN46,AO46,AP46,AQ46,AR46,AS46,AT46,AU46,AV46,AW46,AX46,AY46,AZ46,BA46,BB46,BC46,BD46,BE46,BF46,BG46,BH46)
A48: [8,5,1],[8,5,2],[8,5,3],[8,6,4],[8,5,5], | B48: =CONCATENATE(C47,D47,E47,F47,G47,H47,I47,J47,K47,L47,M47,N47,O47,P47,Q47,R47,S47,T47,U47,V47,W47,X47,Y47,Z47,AA47,AB47,AC47,AD47,AE47,AF47,AG47,AH47,AI47,AJ47,AK47,AL47,AM47,AN47,AO47,AP47,AQ47,AR47,AS47,AT47,AU47,AV47,AW47,AX47,AY47,AZ47,BA47,BB47,BC47,BD47,BE47,BF47,BG47,BH47) | C48: [8, | D48: ='Control Panel'!AS26 | E48: ,1],[8, | F48: =$D$47 | G48: ,2],[8, | H48: =$D$47 | I48: ,3],[8, | J48: =$D$47 | K48: ,4],[8, | L48: =$D$47 | M48: ,5],
A49: [8,5,6],[8,5,7],[8,5,8],[8,6,9],[8,5,10], | B49: =CONCATENATE(C48,D48,E48,F48,G48,H48,I48,J48,K48,L48,M48,N48,O48,P48,Q48,R48,S48,T48,U48,V48,W48,X48,Y48,Z48,AA48,AB48,AC48,AD48,AE48,AF48,AG48,AH48,AI48,AJ48,AK48,AL48,AM48,AN48,AO48,AP48,AQ48,AR48,AS48,AT48,AU48,AV48,AW48,AX48,AY48,AZ48,BA48,BB48,BC48,BD48,BE48,BF48,BG48,BH48) | C49: [8, | D49: =$D$47 | E49: ,6],[8, | F49: =$D$47 | G49: ,7],[8, | H49: =$D$47 | I49: ,8],[8, | J49: =$D$47 | K49: ,9],[8, | L49: =$D$47 | M49: ,10],
A50: [8,5,11],[8,5,12],[8,0,13],[8,6,14],[8,5,15], | B50: =CONCATENATE(C49,D49,E49,F49,G49,H49,I49,J49,K49,L49,M49,N49,O49,P49,Q49,R49,S49,T49,U49,V49,W49,X49,Y49,Z49,AA49,AB49,AC49,AD49,AE49,AF49,AG49,AH49,AI49,AJ49,AK49,AL49,AM49,AN49,AO49,AP49,AQ49,AR49,AS49,AT49,AU49,AV49,AW49,AX49,AY49,AZ49,BA49,BB49,BC49,BD49,BE49,BF49,BG49,BH49) | C50: [8, | D50: =$D$47 | E50: ,11],[8, | F50: =$D$47 | G50: ,12],[8, | H50: 0 | I50: ,13],[8, | J50: =$D$47 | K50: ,14],[8, | L50: =$D$47 | M50: ,15],
A51: [8,5,16],[8,5,17],[8,5,18],[8,6,19],[8,5,20], | B51: =CONCATENATE(C50,D50,E50,F50,G50,H50,I50,J50,K50,L50,M50,N50,O50,P50,Q50,R50,S50,T50,U50,V50,W50,X50,Y50,Z50,AA50,AB50,AC50,AD50,AE50,AF50,AG50,AH50,AI50,AJ50,AK50,AL50,AM50,AN50,AO50,AP50,AQ50,AR50,AS50,AT50,AU50,AV50,AW50,AX50,AY50,AZ50,BA50,BB50,BC50,BD50,BE50,BF50,BG50,BH50) | C51: [8, | D51: =$D$47 | E51: ,16],[8, | F51: =$D$47 | G51: ,17],[8, | H51: =$D$47 | I51: ,18],[8, | J51: =$D$47 | K51: ,19],[8, | L51: =$D$47 | M51: ,20],
A52: [8,5,21],[8,5,22],[8,5,23],[8,6,24],[8,5,25] | B52: =CONCATENATE(C51,D51,E51,F51,G51,H51,I51,J51,K51,L51,M51,N51,O51,P51,Q51,R51,S51,T51,U51,V51,W51,X51,Y51,Z51,AA51,AB51,AC51,AD51,AE51,AF51,AG51,AH51,AI51,AJ51,AK51,AL51,AM51,AN51,AO51,AP51,AQ51,AR51,AS51,AT51,AU51,AV51,AW51,AX51,AY51,AZ51,BA51,BB51,BC51,BD51,BE51,BF51,BG51,BH51) | C52: [8, | D52: =$D$47 | E52: ,21],[8, | F52: =$D$47 | G52: ,22],[8, | H52: =$D$47 | I52: ,23],[8, | J52: =$D$47 | K52: ,24],[8, | L52: =$D$47 | M52: ,25],
A53: ], | B53: =CONCATENATE(C52,D52,E52,F52,G52,H52,I52,J52,K52,L52,M52,N52,O52,P52,Q52,R52,S52,T52,U52,V52,W52,X52,Y52,Z52,AA52,AB52,AC52,AD52,AE52,AF52,AG52,AH52,AI52,AJ52,AK52,AL52,AM52,AN52,AO52,AP52,AQ52,AR52,AS52,AT52,AU52,AV52,AW52,AX52,AY52,AZ52,BA52,BB52,BC52,BD52,BE52,BF52,BG52,BH52) | C53: ],
A54: [ | B54: =CONCATENATE(C53,D53,E53,F53,G53,H53,I53,J53,K53,L53,M53,N53,O53,P53,Q53,R53,S53,T53,U53,V53,W53,X53,Y53,Z53,AA53,AB53,AC53,AD53,AE53,AF53,AG53,AH53,AI53,AJ53,AK53,AL53,AM53,AN53,AO53,AP53,AQ53,AR53,AS53,AT53,AU53,AV53,AW53,AX53,AY53,AZ53,BA53,BB53,BC53,BD53,BE53,BF53,BG53,BH53) | C54: [
A55: [1,5,1],[1,5,2],[1,5,3],[1,6,4],[1,5,5], | B55: =CONCATENATE(C54,D54,E54,F54,G54,H54,I54,J54,K54,L54,M54,N54,O54,P54,Q54,R54,S54,T54,U54,V54,W54,X54,Y54,Z54,AA54,AB54,AC54,AD54,AE54,AF54,AG54,AH54,AI54,AJ54,AK54,AL54,AM54,AN54,AO54,AP54,AQ54,AR54,AS54,AT54,AU54,AV54,AW54,AX54,AY54,AZ54,BA54,BB54,BC54,BD54,BE54,BF54,BG54,BH54) | C55: [1, | D55: ='Control Panel'!AA34 | E55: ,1],[1, | F55: =$D$54 | G55: ,2],[1, | H55: =$D$54 | I55: ,3],[1, | J55: =$D$54 | K55: ,4],[1, | L55: =$D$54 | M55: ,5],
A56: [1,5,6],[1,5,7],[1,5,8],[1,6,9],[1,5,10], | B56: =CONCATENATE(C55,D55,E55,F55,G55,H55,I55,J55,K55,L55,M55,N55,O55,P55,Q55,R55,S55,T55,U55,V55,W55,X55,Y55,Z55,AA55,AB55,AC55,AD55,AE55,AF55,AG55,AH55,AI55,AJ55,AK55,AL55,AM55,AN55,AO55,AP55,AQ55,AR55,AS55,AT55,AU55,AV55,AW55,AX55,AY55,AZ55,BA55,BB55,BC55,BD55,BE55,BF55,BG55,BH55) | C56: [1, | D56: =$D$54 | E56: ,6],[1, | F56: =$D$54 | G56: ,7],[1, | H56: =$D$54 | I56: ,8],[1, | J56: =$D$54 | K56: ,9],[1, | L56: =$D$54 | M56: ,10],
A57: [1,5,11],[1,5,12],[1,0,13],[1,6,14],[1,5,15], | B57: =CONCATENATE(C56,D56,E56,F56,G56,H56,I56,J56,K56,L56,M56,N56,O56,P56,Q56,R56,S56,T56,U56,V56,W56,X56,Y56,Z56,AA56,AB56,AC56,AD56,AE56,AF56,AG56,AH56,AI56,AJ56,AK56,AL56,AM56,AN56,AO56,AP56,AQ56,AR56,AS56,AT56,AU56,AV56,AW56,AX56,AY56,AZ56,BA56,BB56,BC56,BD56,BE56,BF56,BG56,BH56) | C57: [1, | D57: =$D$54 | E57: ,11],[1, | F57: =$D$54 | G57: ,12],[1, | H57: 0 | I57: ,13],[1, | J57: =$D$54 | K57: ,14],[1, | L57: =$D$54 | M57: ,15],
A58: [1,5,16],[1,5,17],[1,5,18],[1,6,19],[1,5,20], | B58: =CONCATENATE(C57,D57,E57,F57,G57,H57,I57,J57,K57,L57,M57,N57,O57,P57,Q57,R57,S57,T57,U57,V57,W57,X57,Y57,Z57,AA57,AB57,AC57,AD57,AE57,AF57,AG57,AH57,AI57,AJ57,AK57,AL57,AM57,AN57,AO57,AP57,AQ57,AR57,AS57,AT57,AU57,AV57,AW57,AX57,AY57,AZ57,BA57,BB57,BC57,BD57,BE57,BF57,BG57,BH57) | C58: [1, | D58: =$D$54 | E58: ,16],[1, | F58: =$D$54 | G58: ,17],[1, | H58: =$D$54 | I58: ,18],[1, | J58: =$D$54 | K58: ,19],[1, | L58: =$D$54 | M58: ,20],
A59: [1,5,21],[1,5,22],[1,5,23],[1,6,24],[1,5,25], | B59: =CONCATENATE(C58,D58,E58,F58,G58,H58,I58,J58,K58,L58,M58,N58,O58,P58,Q58,R58,S58,T58,U58,V58,W58,X58,Y58,Z58,AA58,AB58,AC58,AD58,AE58,AF58,AG58,AH58,AI58,AJ58,AK58,AL58,AM58,AN58,AO58,AP58,AQ58,AR58,AS58,AT58,AU58,AV58,AW58,AX58,AY58,AZ58,BA58,BB58,BC58,BD58,BE58,BF58,BG58,BH58) | C59: [1, | D59: =$D$54 | E59: ,21],[1, | F59: =$D$54 | G59: ,22],[1, | H59: =$D$54 | I59: ,23],[1, | J59: =$D$54 | K59: ,24],[1, | L59: =$D$54 | M59: ,25],
B60: =CONCATENATE(C59,D59,E59,F59,G59,H59,I59,J59,K59,L59,M59,N59,O59,P59,Q59,R59,S59,T59,U59,V59,W59,X59,Y59,Z59,AA59,AB59,AC59,AD59,AE59,AF59,AG59,AH59,AI59,AJ59,AK59,AL59,AM59,AN59,AO59,AP59,AQ59,AR59,AS59,AT59,AU59,AV59,AW59,AX59,AY59,AZ59,BA59,BB59,BC59,BD59,BE59,BF59,BG59,BH59)
A61: [2,5,1],[2,5,2],[2,5,3],[2,6,4],[2,5,5], | B61: =CONCATENATE(C60,D60,E60,F60,G60,H60,I60,J60,K60,L60,M60,N60,O60,P60,Q60,R60,S60,T60,U60,V60,W60,X60,Y60,Z60,AA60,AB60,AC60,AD60,AE60,AF60,AG60,AH60,AI60,AJ60,AK60,AL60,AM60,AN60,AO60,AP60,AQ60,AR60,AS60,AT60,AU60,AV60,AW60,AX60,AY60,AZ60,BA60,BB60,BC60,BD60,BE60,BF60,BG60,BH60) | C61: [2, | D61: ='Control Panel'!AG34 | E61: ,1],[2, | F61: =$D$60 | G61: ,2],[2, | H61: =$D$60 | I61: ,3],[2, | J61: =$D$60 | K61: ,4],[2, | L61: =$D$60 | M61: ,5],
A62: [2,5,6],[2,5,7],[2,5,8],[2,6,9],[2,5,10], | B62: =CONCATENATE(C61,D61,E61,F61,G61,H61,I61,J61,K61,L61,M61,N61,O61,P61,Q61,R61,S61,T61,U61,V61,W61,X61,Y61,Z61,AA61,AB61,AC61,AD61,AE61,AF61,AG61,AH61,AI61,AJ61,AK61,AL61,AM61,AN61,AO61,AP61,AQ61,AR61,AS61,AT61,AU61,AV61,AW61,AX61,AY61,AZ61,BA61,BB61,BC61,BD61,BE61,BF61,BG61,BH61) | C62: [2, | D62: =$D$60 | E62: ,6],[2, | F62: =$D$60 | G62: ,7],[2, | H62: =$D$60 | I62: ,8],[2, | J62: =$D$60 | K62: ,9],[2, | L62: =$D$60 | M62: ,10],
A63: [2,5,11],[2,5,12],[2,0,13],[2,6,14],[2,5,15], | B63: =CONCATENATE(C62,D62,E62,F62,G62,H62,I62,J62,K62,L62,M62,N62,O62,P62,Q62,R62,S62,T62,U62,V62,W62,X62,Y62,Z62,AA62,AB62,AC62,AD62,AE62,AF62,AG62,AH62,AI62,AJ62,AK62,AL62,AM62,AN62,AO62,AP62,AQ62,AR62,AS62,AT62,AU62,AV62,AW62,AX62,AY62,AZ62,BA62,BB62,BC62,BD62,BE62,BF62,BG62,BH62) | C63: [2, | D63: =$D$60 | E63: ,11],[2, | F63: =$D$60 | G63: ,12],[2, | H63: 0 | I63: ,13],[2, | J63: =$D$60 | K63: ,14],[2, | L63: =$D$60 | M63: ,15],
A64: [2,5,16],[2,5,17],[2,5,18],[2,6,19],[2,5,20], | B64: =CONCATENATE(C63,D63,E63,F63,G63,H63,I63,J63,K63,L63,M63,N63,O63,P63,Q63,R63,S63,T63,U63,V63,W63,X63,Y63,Z63,AA63,AB63,AC63,AD63,AE63,AF63,AG63,AH63,AI63,AJ63,AK63,AL63,AM63,AN63,AO63,AP63,AQ63,AR63,AS63,AT63,AU63,AV63,AW63,AX63,AY63,AZ63,BA63,BB63,BC63,BD63,BE63,BF63,BG63,BH63) | C64: [2, | D64: =$D$60 | E64: ,16],[2, | F64: =$D$60 | G64: ,17],[2, | H64: =$D$60 | I64: ,18],[2, | J64: =$D$60 | K64: ,19],[2, | L64: =$D$60 | M64: ,20],
A65: [2,5,21],[2,5,22],[2,5,23],[2,6,24],[2,5,25], | B65: =CONCATENATE(C64,D64,E64,F64,G64,H64,I64,J64,K64,L64,M64,N64,O64,P64,Q64,R64,S64,T64,U64,V64,W64,X64,Y64,Z64,AA64,AB64,AC64,AD64,AE64,AF64,AG64,AH64,AI64,AJ64,AK64,AL64,AM64,AN64,AO64,AP64,AQ64,AR64,AS64,AT64,AU64,AV64,AW64,AX64,AY64,AZ64,BA64,BB64,BC64,BD64,BE64,BF64,BG64,BH64) | C65: [2, | D65: =$D$60 | E65: ,21],[2, | F65: =$D$60 | G65: ,22],[2, | H65: =$D$60 | I65: ,23],[2, | J65: =$D$60 | K65: ,24],[2, | L65: =$D$60 | M65: ,25],
B66: =CONCATENATE(C65,D65,E65,F65,G65,H65,I65,J65,K65,L65,M65,N65,O65,P65,Q65,R65,S65,T65,U65,V65,W65,X65,Y65,Z65,AA65,AB65,AC65,AD65,AE65,AF65,AG65,AH65,AI65,AJ65,AK65,AL65,AM65,AN65,AO65,AP65,AQ65,AR65,AS65,AT65,AU65,AV65,AW65,AX65,AY65,AZ65,BA65,BB65,BC65,BD65,BE65,BF65,BG65,BH65)
A67: [3,5,1],[3,5,2],[3,5,3],[3,6,4],[3,5,5], | B67: =CONCATENATE(C66,D66,E66,F66,G66,H66,I66,J66,K66,L66,M66,N66,O66,P66,Q66,R66,S66,T66,U66,V66,W66,X66,Y66,Z66,AA66,AB66,AC66,AD66,AE66,AF66,AG66,AH66,AI66,AJ66,AK66,AL66,AM66,AN66,AO66,AP66,AQ66,AR66,AS66,AT66,AU66,AV66,AW66,AX66,AY66,AZ66,BA66,BB66,BC66,BD66,BE66,BF66,BG66,BH66) | C67: [3, | D67: ='Control Panel'!AM34 | E67: ,1],[3, | F67: =$D$66 | G67: ,2],[3, | H67: =$D$66 | I67: ,3],[3, | J67: =$D$66 | K67: ,4],[3, | L67: =$D$66 | M67: ,5],
A68: [3,5,6],[3,5,7],[3,5,8],[3,6,9],[3,5,10], | B68: =CONCATENATE(C67,D67,E67,F67,G67,H67,I67,J67,K67,L67,M67,N67,O67,P67,Q67,R67,S67,T67,U67,V67,W67,X67,Y67,Z67,AA67,AB67,AC67,AD67,AE67,AF67,AG67,AH67,AI67,AJ67,AK67,AL67,AM67,AN67,AO67,AP67,AQ67,AR67,AS67,AT67,AU67,AV67,AW67,AX67,AY67,AZ67,BA67,BB67,BC67,BD67,BE67,BF67,BG67,BH67) | C68: [3, | D68: =$D$66 | E68: ,6],[3, | F68: =$D$66 | G68: ,7],[3, | H68: =$D$66 | I68: ,8],[3, | J68: =$D$66 | K68: ,9],[3, | L68: =$D$66 | M68: ,10],
A69: [3,5,11],[3,5,12],[3,0,13],[3,6,14],[3,5,15], | B69: =CONCATENATE(C68,D68,E68,F68,G68,H68,I68,J68,K68,L68,M68,N68,O68,P68,Q68,R68,S68,T68,U68,V68,W68,X68,Y68,Z68,AA68,AB68,AC68,AD68,AE68,AF68,AG68,AH68,AI68,AJ68,AK68,AL68,AM68,AN68,AO68,AP68,AQ68,AR68,AS68,AT68,AU68,AV68,AW68,AX68,AY68,AZ68,BA68,BB68,BC68,BD68,BE68,BF68,BG68,BH68) | C69: [3, | D69: =$D$66 | E69: ,11],[3, | F69: =$D$66 | G69: ,12],[3, | H69: 0 | I69: ,13],[3, | J69: =$D$66 | K69: ,14],[3, | L69: =$D$66 | M69: ,15],
A70: [3,5,16],[3,5,17],[3,5,18],[3,6,19],[3,5,20], | B70: =CONCATENATE(C69,D69,E69,F69,G69,H69,I69,J69,K69,L69,M69,N69,O69,P69,Q69,R69,S69,T69,U69,V69,W69,X69,Y69,Z69,AA69,AB69,AC69,AD69,AE69,AF69,AG69,AH69,AI69,AJ69,AK69,AL69,AM69,AN69,AO69,AP69,AQ69,AR69,AS69,AT69,AU69,AV69,AW69,AX69,AY69,AZ69,BA69,BB69,BC69,BD69,BE69,BF69,BG69,BH69) | C70: [3, | D70: =$D$66 | E70: ,16],[3, | F70: =$D$66 | G70: ,17],[3, | H70: =$D$66 | I70: ,18],[3, | J70: =$D$66 | K70: ,19],[3, | L70: =$D$66 | M70: ,20],
A71: [3,5,21],[3,5,22],[3,5,23],[3,6,24],[3,5,25], | B71: =CONCATENATE(C70,D70,E70,F70,G70,H70,I70,J70,K70,L70,M70,N70,O70,P70,Q70,R70,S70,T70,U70,V70,W70,X70,Y70,Z70,AA70,AB70,AC70,AD70,AE70,AF70,AG70,AH70,AI70,AJ70,AK70,AL70,AM70,AN70,AO70,AP70,AQ70,AR70,AS70,AT70,AU70,AV70,AW70,AX70,AY70,AZ70,BA70,BB70,BC70,BD70,BE70,BF70,BG70,BH70) | C71: [3, | D71: =$D$66 | E71: ,21],[3, | F71: =$D$66 | G71: ,22],[3, | H71: =$D$66 | I71: ,23],[3, | J71: =$D$66 | K71: ,24],[3, | L71: =$D$66 | M71: ,25],
B72: =CONCATENATE(C71,D71,E71,F71,G71,H71,I71,J71,K71,L71,M71,N71,O71,P71,Q71,R71,S71,T71,U71,V71,W71,X71,Y71,Z71,AA71,AB71,AC71,AD71,AE71,AF71,AG71,AH71,AI71,AJ71,AK71,AL71,AM71,AN71,AO71,AP71,AQ71,AR71,AS71,AT71,AU71,AV71,AW71,AX71,AY71,AZ71,BA71,BB71,BC71,BD71,BE71,BF71,BG71,BH71)
A73: [4,5,1],[4,5,2],[4,5,3],[4,6,4],[4,5,5], | B73: =CONCATENATE(C72,D72,E72,F72,G72,H72,I72,J72,K72,L72,M72,N72,O72,P72,Q72,R72,S72,T72,U72,V72,W72,X72,Y72,Z72,AA72,AB72,AC72,AD72,AE72,AF72,AG72,AH72,AI72,AJ72,AK72,AL72,AM72,AN72,AO72,AP72,AQ72,AR72,AS72,AT72,AU72,AV72,AW72,AX72,AY72,AZ72,BA72,BB72,BC72,BD72,BE72,BF72,BG72,BH72) | C73: [4, | D73: ='Control Panel'!AS34 | E73: ,1],[4, | F73: =$D$72 | G73: ,2],[4, | H73: =$D$72 | I73: ,3],[4, | J73: =$D$72 | K73: ,4],[4, | L73: =$D$72 | M73: ,5],
A74: [4,5,6],[4,5,7],[4,5,8],[4,6,9],[4,5,10], | B74: =CONCATENATE(C73,D73,E73,F73,G73,H73,I73,J73,K73,L73,M73,N73,O73,P73,Q73,R73,S73,T73,U73,V73,W73,X73,Y73,Z73,AA73,AB73,AC73,AD73,AE73,AF73,AG73,AH73,AI73,AJ73,AK73,AL73,AM73,AN73,AO73,AP73,AQ73,AR73,AS73,AT73,AU73,AV73,AW73,AX73,AY73,AZ73,BA73,BB73,BC73,BD73,BE73,BF73,BG73,BH73) | C74: [4, | D74: =$D$72 | E74: ,6],[4, | F74: =$D$72 | G74: ,7],[4, | H74: =$D$72 | I74: ,8],[4, | J74: =$D$72 | K74: ,9],[4, | L74: =$D$72 | M74: ,10],
A75: [4,5,11],[4,5,12],[4,0,13],[4,6,14],[4,5,15], | B75: =CONCATENATE(C74,D74,E74,F74,G74,H74,I74,J74,K74,L74,M74,N74,O74,P74,Q74,R74,S74,T74,U74,V74,W74,X74,Y74,Z74,AA74,AB74,AC74,AD74,AE74,AF74,AG74,AH74,AI74,AJ74,AK74,AL74,AM74,AN74,AO74,AP74,AQ74,AR74,AS74,AT74,AU74,AV74,AW74,AX74,AY74,AZ74,BA74,BB74,BC74,BD74,BE74,BF74,BG74,BH74) | C75: [4, | D75: =$D$72 | E75: ,11],[4, | F75: =$D$72 | G75: ,12],[4, | H75: 0 | I75: ,13],[4, | J75: =$D$72 | K75: ,14],[4, | L75: =$D$72 | M75: ,15],
A76: [4,5,16],[4,5,17],[4,5,18],[4,6,19],[4,5,20], | B76: =CONCATENATE(C75,D75,E75,F75,G75,H75,I75,J75,K75,L75,M75,N75,O75,P75,Q75,R75,S75,T75,U75,V75,W75,X75,Y75,Z75,AA75,AB75,AC75,AD75,AE75,AF75,AG75,AH75,AI75,AJ75,AK75,AL75,AM75,AN75,AO75,AP75,AQ75,AR75,AS75,AT75,AU75,AV75,AW75,AX75,AY75,AZ75,BA75,BB75,BC75,BD75,BE75,BF75,BG75,BH75) | C76: [4, | D76: =$D$72 | E76: ,16],[4, | F76: =$D$72 | G76: ,17],[4, | H76: =$D$72 | I76: ,18],[4, | J76: =$D$72 | K76: ,19],[4, | L76: =$D$72 | M76: ,20],
A77: [4,5,21],[4,5,22],[4,5,23],[4,6,24],[4,5,25], | B77: =CONCATENATE(C76,D76,E76,F76,G76,H76,I76,J76,K76,L76,M76,N76,O76,P76,Q76,R76,S76,T76,U76,V76,W76,X76,Y76,Z76,AA76,AB76,AC76,AD76,AE76,AF76,AG76,AH76,AI76,AJ76,AK76,AL76,AM76,AN76,AO76,AP76,AQ76,AR76,AS76,AT76,AU76,AV76,AW76,AX76,AY76,AZ76,BA76,BB76,BC76,BD76,BE76,BF76,BG76,BH76) | C77: [4, | D77: =$D$72 | E77: ,21],[4, | F77: =$D$72 | G77: ,22],[4, | H77: =$D$72 | I77: ,23],[4, | J77: =$D$72 | K77: ,24],[4, | L77: =$D$72 | M77: ,25],
B78: =CONCATENATE(C77,D77,E77,F77,G77,H77,I77,J77,K77,L77,M77,N77,O77,P77,Q77,R77,S77,T77,U77,V77,W77,X77,Y77,Z77,AA77,AB77,AC77,AD77,AE77,AF77,AG77,AH77,AI77,AJ77,AK77,AL77,AM77,AN77,AO77,AP77,AQ77,AR77,AS77,AT77,AU77,AV77,AW77,AX77,AY77,AZ77,BA77,BB77,BC77,BD77,BE77,BF77,BG77,BH77)
A79: [5,5,1],[5,5,2],[5,5,3],[5,6,4],[5,5,5], | B79: =CONCATENATE(C78,D78,E78,F78,G78,H78,I78,J78,K78,L78,M78,N78,O78,P78,Q78,R78,S78,T78,U78,V78,W78,X78,Y78,Z78,AA78,AB78,AC78,AD78,AE78,AF78,AG78,AH78,AI78,AJ78,AK78,AL78,AM78,AN78,AO78,AP78,AQ78,AR78,AS78,AT78,AU78,AV78,AW78,AX78,AY78,AZ78,BA78,BB78,BC78,BD78,BE78,BF78,BG78,BH78) | C79: [5, | D79: ='Control Panel'!AA41 | E79: ,1],[5, | F79: =$D$78 | G79: ,2],[5, | H79: =$D$78 | I79: ,3],[5, | J79: =$D$78 | K79: ,4],[5, | L79: =$D$78 | M79: ,5],
A80: [5,5,6],[5,5,7],[5,5,8],[5,6,9],[5,5,10], | B80: =CONCATENATE(C79,D79,E79,F79,G79,H79,I79,J79,K79,L79,M79,N79,O79,P79,Q79,R79,S79,T79,U79,V79,W79,X79,Y79,Z79,AA79,AB79,AC79,AD79,AE79,AF79,AG79,AH79,AI79,AJ79,AK79,AL79,AM79,AN79,AO79,AP79,AQ79,AR79,AS79,AT79,AU79,AV79,AW79,AX79,AY79,AZ79,BA79,BB79,BC79,BD79,BE79,BF79,BG79,BH79) | C80: [5, | D80: =$D$78 | E80: ,6],[5, | F80: =$D$78 | G80: ,7],[5, | H80: =$D$78 | I80: ,8],[5, | J80: =$D$78 | K80: ,9],[5, | L80: =$D$78 | M80: ,10],
A81: [5,5,11],[5,5,12],[5,0,13],[5,6,14],[5,5,15], | B81: =CONCATENATE(C80,D80,E80,F80,G80,H80,I80,J80,K80,L80,M80,N80,O80,P80,Q80,R80,S80,T80,U80,V80,W80,X80,Y80,Z80,AA80,AB80,AC80,AD80,AE80,AF80,AG80,AH80,AI80,AJ80,AK80,AL80,AM80,AN80,AO80,AP80,AQ80,AR80,AS80,AT80,AU80,AV80,AW80,AX80,AY80,AZ80,BA80,BB80,BC80,BD80,BE80,BF80,BG80,BH80) | C81: [5, | D81: =$D$78 | E81: ,11],[5, | F81: =$D$78 | G81: ,12],[5, | H81: 0 | I81: ,13],[5, | J81: =$D$78 | K81: ,14],[5, | L81: =$D$78 | M81: ,15],
A82: [5,5,16],[5,5,17],[5,5,18],[5,6,19],[5,5,20], | B82: =CONCATENATE(C81,D81,E81,F81,G81,H81,I81,J81,K81,L81,M81,N81,O81,P81,Q81,R81,S81,T81,U81,V81,W81,X81,Y81,Z81,AA81,AB81,AC81,AD81,AE81,AF81,AG81,AH81,AI81,AJ81,AK81,AL81,AM81,AN81,AO81,AP81,AQ81,AR81,AS81,AT81,AU81,AV81,AW81,AX81,AY81,AZ81,BA81,BB81,BC81,BD81,BE81,BF81,BG81,BH81) | C82: [5, | D82: =$D$78 | E82: ,16],[5, | F82: =$D$78 | G82: ,17],[5, | H82: =$D$78 | I82: ,18],[5, | J82: =$D$78 | K82: ,19],[5, | L82: =$D$78 | M82: ,20],
A83: [5,5,21],[5,5,22],[5,5,23],[5,6,24],[5,5,25], | B83: =CONCATENATE(C82,D82,E82,F82,G82,H82,I82,J82,K82,L82,M82,N82,O82,P82,Q82,R82,S82,T82,U82,V82,W82,X82,Y82,Z82,AA82,AB82,AC82,AD82,AE82,AF82,AG82,AH82,AI82,AJ82,AK82,AL82,AM82,AN82,AO82,AP82,AQ82,AR82,AS82,AT82,AU82,AV82,AW82,AX82,AY82,AZ82,BA82,BB82,BC82,BD82,BE82,BF82,BG82,BH82) | C83: [5, | D83: =$D$78 | E83: ,21],[5, | F83: =$D$78 | G83: ,22],[5, | H83: =$D$78 | I83: ,23],[5, | J83: =$D$78 | K83: ,24],[5, | L83: =$D$78 | M83: ,25],
B84: =CONCATENATE(C83,D83,E83,F83,G83,H83,I83,J83,K83,L83,M83,N83,O83,P83,Q83,R83,S83,T83,U83,V83,W83,X83,Y83,Z83,AA83,AB83,AC83,AD83,AE83,AF83,AG83,AH83,AI83,AJ83,AK83,AL83,AM83,AN83,AO83,AP83,AQ83,AR83,AS83,AT83,AU83,AV83,AW83,AX83,AY83,AZ83,BA83,BB83,BC83,BD83,BE83,BF83,BG83,BH83)
A85: [6,5,1],[6,5,2],[6,5,3],[6,6,4],[6,5,5], | B85: =CONCATENATE(C84,D84,E84,F84,G84,H84,I84,J84,K84,L84,M84,N84,O84,P84,Q84,R84,S84,T84,U84,V84,W84,X84,Y84,Z84,AA84,AB84,AC84,AD84,AE84,AF84,AG84,AH84,AI84,AJ84,AK84,AL84,AM84,AN84,AO84,AP84,AQ84,AR84,AS84,AT84,AU84,AV84,AW84,AX84,AY84,AZ84,BA84,BB84,BC84,BD84,BE84,BF84,BG84,BH84) | C85: [6, | D85: ='Control Panel'!AG41 | E85: ,1],[6, | F85: =$D$84 | G85: ,2],[6, | H85: =$D$84 | I85: ,3],[6, | J85: =$D$84 | K85: ,4],[6, | L85: =$D$84 | M85: ,5],
A86: [6,5,6],[6,5,7],[6,5,8],[6,6,9],[6,5,10], | B86: =CONCATENATE(C85,D85,E85,F85,G85,H85,I85,J85,K85,L85,M85,N85,O85,P85,Q85,R85,S85,T85,U85,V85,W85,X85,Y85,Z85,AA85,AB85,AC85,AD85,AE85,AF85,AG85,AH85,AI85,AJ85,AK85,AL85,AM85,AN85,AO85,AP85,AQ85,AR85,AS85,AT85,AU85,AV85,AW85,AX85,AY85,AZ85,BA85,BB85,BC85,BD85,BE85,BF85,BG85,BH85) | C86: [6, | D86: =$D$84 | E86: ,6],[6, | F86: =$D$84 | G86: ,7],[6, | H86: =$D$84 | I86: ,8],[6, | J86: =$D$84 | K86: ,9],[6, | L86: =$D$84 | M86: ,10],
A87: [6,5,11],[6,5,12],[6,0,13],[6,6,14],[6,5,15], | B87: =CONCATENATE(C86,D86,E86,F86,G86,H86,I86,J86,K86,L86,M86,N86,O86,P86,Q86,R86,S86,T86,U86,V86,W86,X86,Y86,Z86,AA86,AB86,AC86,AD86,AE86,AF86,AG86,AH86,AI86,AJ86,AK86,AL86,AM86,AN86,AO86,AP86,AQ86,AR86,AS86,AT86,AU86,AV86,AW86,AX86,AY86,AZ86,BA86,BB86,BC86,BD86,BE86,BF86,BG86,BH86) | C87: [6, | D87: =$D$84 | E87: ,11],[6, | F87: =$D$84 | G87: ,12],[6, | H87: 0 | I87: ,13],[6, | J87: =$D$84 | K87: ,14],[6, | L87: =$D$84 | M87: ,15],
A88: [6,5,16],[6,5,17],[6,5,18],[6,6,19],[6,5,20], | B88: =CONCATENATE(C87,D87,E87,F87,G87,H87,I87,J87,K87,L87,M87,N87,O87,P87,Q87,R87,S87,T87,U87,V87,W87,X87,Y87,Z87,AA87,AB87,AC87,AD87,AE87,AF87,AG87,AH87,AI87,AJ87,AK87,AL87,AM87,AN87,AO87,AP87,AQ87,AR87,AS87,AT87,AU87,AV87,AW87,AX87,AY87,AZ87,BA87,BB87,BC87,BD87,BE87,BF87,BG87,BH87) | C88: [6, | D88: =$D$84 | E88: ,16],[6, | F88: =$D$84 | G88: ,17],[6, | H88: =$D$84 | I88: ,18],[6, | J88: =$D$84 | K88: ,19],[6, | L88: =$D$84 | M88: ,20],
A89: [6,5,21],[6,5,22],[6,5,23],[6,6,24],[6,5,25], | B89: =CONCATENATE(C88,D88,E88,F88,G88,H88,I88,J88,K88,L88,M88,N88,O88,P88,Q88,R88,S88,T88,U88,V88,W88,X88,Y88,Z88,AA88,AB88,AC88,AD88,AE88,AF88,AG88,AH88,AI88,AJ88,AK88,AL88,AM88,AN88,AO88,AP88,AQ88,AR88,AS88,AT88,AU88,AV88,AW88,AX88,AY88,AZ88,BA88,BB88,BC88,BD88,BE88,BF88,BG88,BH88) | C89: [6, | D89: =$D$84 | E89: ,21],[6, | F89: =$D$84 | G89: ,22],[6, | H89: =$D$84 | I89: ,23],[6, | J89: =$D$84 | K89: ,24],[6, | L89: =$D$84 | M89: ,25],
B90: =CONCATENATE(C89,D89,E89,F89,G89,H89,I89,J89,K89,L89,M89,N89,O89,P89,Q89,R89,S89,T89,U89,V89,W89,X89,Y89,Z89,AA89,AB89,AC89,AD89,AE89,AF89,AG89,AH89,AI89,AJ89,AK89,AL89,AM89,AN89,AO89,AP89,AQ89,AR89,AS89,AT89,AU89,AV89,AW89,AX89,AY89,AZ89,BA89,BB89,BC89,BD89,BE89,BF89,BG89,BH89)
A91: [7,5,1],[7,5,2],[7,5,3],[7,6,4],[7,5,5], | B91: =CONCATENATE(C90,D90,E90,F90,G90,H90,I90,J90,K90,L90,M90,N90,O90,P90,Q90,R90,S90,T90,U90,V90,W90,X90,Y90,Z90,AA90,AB90,AC90,AD90,AE90,AF90,AG90,AH90,AI90,AJ90,AK90,AL90,AM90,AN90,AO90,AP90,AQ90,AR90,AS90,AT90,AU90,AV90,AW90,AX90,AY90,AZ90,BA90,BB90,BC90,BD90,BE90,BF90,BG90,BH90) | C91: [7, | D91: ='Control Panel'!AM41 | E91: ,1],[7, | F91: =$D$90 | G91: ,2],[7, | H91: =$D$90 | I91: ,3],[7, | J91: =$D$90 | K91: ,4],[7, | L91: =$D$90 | M91: ,5],
A92: [7,5,6],[7,5,7],[7,5,8],[7,6,9],[7,5,10], | B92: =CONCATENATE(C91,D91,E91,F91,G91,H91,I91,J91,K91,L91,M91,N91,O91,P91,Q91,R91,S91,T91,U91,V91,W91,X91,Y91,Z91,AA91,AB91,AC91,AD91,AE91,AF91,AG91,AH91,AI91,AJ91,AK91,AL91,AM91,AN91,AO91,AP91,AQ91,AR91,AS91,AT91,AU91,AV91,AW91,AX91,AY91,AZ91,BA91,BB91,BC91,BD91,BE91,BF91,BG91,BH91) | C92: [7, | D92: =$D$90 | E92: ,6],[7, | F92: =$D$90 | G92: ,7],[7, | H92: =$D$90 | I92: ,8],[7, | J92: =$D$90 | K92: ,9],[7, | L92: =$D$90 | M92: ,10],
A93: [7,5,11],[7,5,12],[7,0,13],[7,6,14],[7,5,15], | B93: =CONCATENATE(C92,D92,E92,F92,G92,H92,I92,J92,K92,L92,M92,N92,O92,P92,Q92,R92,S92,T92,U92,V92,W92,X92,Y92,Z92,AA92,AB92,AC92,AD92,AE92,AF92,AG92,AH92,AI92,AJ92,AK92,AL92,AM92,AN92,AO92,AP92,AQ92,AR92,AS92,AT92,AU92,AV92,AW92,AX92,AY92,AZ92,BA92,BB92,BC92,BD92,BE92,BF92,BG92,BH92) | C93: [7, | D93: =$D$90 | E93: ,11],[7, | F93: =$D$90 | G93: ,12],[7, | H93: 0 | I93: ,13],[7, | J93: =$D$90 | K93: ,14],[7, | L93: =$D$90 | M93: ,15],
A94: [7,5,16],[7,5,17],[7,5,18],[7,6,19],[7,5,20], | B94: =CONCATENATE(C93,D93,E93,F93,G93,H93,I93,J93,K93,L93,M93,N93,O93,P93,Q93,R93,S93,T93,U93,V93,W93,X93,Y93,Z93,AA93,AB93,AC93,AD93,AE93,AF93,AG93,AH93,AI93,AJ93,AK93,AL93,AM93,AN93,AO93,AP93,AQ93,AR93,AS93,AT93,AU93,AV93,AW93,AX93,AY93,AZ93,BA93,BB93,BC93,BD93,BE93,BF93,BG93,BH93) | C94: [7, | D94: =$D$90 | E94: ,16],[7, | F94: =$D$90 | G94: ,17],[7, | H94: =$D$90 | I94: ,18],[7, | J94: =$D$90 | K94: ,19],[7, | L94: =$D$90 | M94: ,20],
A95: [7,5,21],[7,5,22],[7,5,23],[7,6,24],[7,5,25], | B95: =CONCATENATE(C94,D94,E94,F94,G94,H94,I94,J94,K94,L94,M94,N94,O94,P94,Q94,R94,S94,T94,U94,V94,W94,X94,Y94,Z94,AA94,AB94,AC94,AD94,AE94,AF94,AG94,AH94,AI94,AJ94,AK94,AL94,AM94,AN94,AO94,AP94,AQ94,AR94,AS94,AT94,AU94,AV94,AW94,AX94,AY94,AZ94,BA94,BB94,BC94,BD94,BE94,BF94,BG94,BH94) | C95: [7, | D95: =$D$90 | E95: ,21],[7, | F95: =$D$90 | G95: ,22],[7, | H95: =$D$90 | I95: ,23],[7, | J95: =$D$90 | K95: ,24],[7, | L95: =$D$90 | M95: ,25],
B96: =CONCATENATE(C95,D95,E95,F95,G95,H95,I95,J95,K95,L95,M95,N95,O95,P95,Q95,R95,S95,T95,U95,V95,W95,X95,Y95,Z95,AA95,AB95,AC95,AD95,AE95,AF95,AG95,AH95,AI95,AJ95,AK95,AL95,AM95,AN95,AO95,AP95,AQ95,AR95,AS95,AT95,AU95,AV95,AW95,AX95,AY95,AZ95,BA95,BB95,BC95,BD95,BE95,BF95,BG95,BH95)
A97: [8,5,1],[8,5,2],[8,5,3],[8,6,4],[8,5,5], | B97: =CONCATENATE(C96,D96,E96,F96,G96,H96,I96,J96,K96,L96,M96,N96,O96,P96,Q96,R96,S96,T96,U96,V96,W96,X96,Y96,Z96,AA96,AB96,AC96,AD96,AE96,AF96,AG96,AH96,AI96,AJ96,AK96,AL96,AM96,AN96,AO96,AP96,AQ96,AR96,AS96,AT96,AU96,AV96,AW96,AX96,AY96,AZ96,BA96,BB96,BC96,BD96,BE96,BF96,BG96,BH96) | C97: [8, | D97: ='Control Panel'!AS41 | E97: ,1],[8, | F97: =$D$96 | G97: ,2],[8, | H97: =$D$96 | I97: ,3],[8, | J97: =$D$96 | K97: ,4],[8, | L97: =$D$96 | M97: ,5],
A98: [8,5,6],[8,5,7],[8,5,8],[8,6,9],[8,5,10], | B98: =CONCATENATE(C97,D97,E97,F97,G97,H97,I97,J97,K97,L97,M97,N97,O97,P97,Q97,R97,S97,T97,U97,V97,W97,X97,Y97,Z97,AA97,AB97,AC97,AD97,AE97,AF97,AG97,AH97,AI97,AJ97,AK97,AL97,AM97,AN97,AO97,AP97,AQ97,AR97,AS97,AT97,AU97,AV97,AW97,AX97,AY97,AZ97,BA97,BB97,BC97,BD97,BE97,BF97,BG97,BH97) | C98: [8, | D98: =$D$96 | E98: ,6],[8, | F98: =$D$96 | G98: ,7],[8, | H98: =$D$96 | I98: ,8],[8, | J98: =$D$96 | K98: ,9],[8, | L98: =$D$96 | M98: ,10],
A99: [8,5,11],[8,5,12],[8,0,13],[8,6,14],[8,5,15], | B99: =CONCATENATE(C98,D98,E98,F98,G98,H98,I98,J98,K98,L98,M98,N98,O98,P98,Q98,R98,S98,T98,U98,V98,W98,X98,Y98,Z98,AA98,AB98,AC98,AD98,AE98,AF98,AG98,AH98,AI98,AJ98,AK98,AL98,AM98,AN98,AO98,AP98,AQ98,AR98,AS98,AT98,AU98,AV98,AW98,AX98,AY98,AZ98,BA98,BB98,BC98,BD98,BE98,BF98,BG98,BH98) | C99: [8, | D99: =$D$96 | E99: ,11],[8, | F99: =$D$96 | G99: ,12],[8, | H99: 0 | I99: ,13],[8, | J99: =$D$96 | K99: ,14],[8, | L99: =$D$96 | M99: ,15],
A100: [8,5,16],[8,5,17],[8,5,18],[8,6,19],[8,5,20], | B100: =CONCATENATE(C99,D99,E99,F99,G99,H99,I99,J99,K99,L99,M99,N99,O99,P99,Q99,R99,S99,T99,U99,V99,W99,X99,Y99,Z99,AA99,AB99,AC99,AD99,AE99,AF99,AG99,AH99,AI99,AJ99,AK99,AL99,AM99,AN99,AO99,AP99,AQ99,AR99,AS99,AT99,AU99,AV99,AW99,AX99,AY99,AZ99,BA99,BB99,BC99,BD99,BE99,BF99,BG99,BH99) | C100: [8, | D100: =$D$96 | E100: ,16],[8, | F100: =$D$96 | G100: ,17],[8, | H100: =$D$96 | I100: ,18],[8, | J100: =$D$96 | K100: ,19],[8, | L100: =$D$96 | M100: ,20],
...

Sheet Bet5
A1: CONFIDENTIAL — Shared for portfolio review purposes only. All game content is the property of its respective studio.
A2: New | B2: Item | C2: Acquired | D2: : | E2: 210.00K | F2: (7, | G2: 8) | K2: Spins | L2: 3000
A3: New | B3: Item | C3: Acquired | D3: : | E3: 75.00K | F3: (6, | G3: 24) | K3: Symbol Pick | L3: =COUNTIF(A:A,"") | M3: =L1/L2
A4: New | B4: Item | C4: Acquired | D4: : | E4: Mini | F4: (8, | G4: 16) | K4: Bingo Wins | L4: =COUNTIF(A:A,"Line") | M4: =L1/L3
A5: New | B5: Item | C5: Acquired | D5: : | E5: 105.00K | F5: (4, | G5: 10) | L5: =L2/L3
A6: New | B6: Item | C6: Acquired | D6: : | E6: 125.00K | F6: (6, | G6: 7)
A7: New | B7: Item | C7: Acquired | D7: : | E7: 210.00K | F7: (7, | G7: 14)
A8: New | B8: Item | C8: Acquired | D8: : | E8: 90.00K | F8: (7, | G8: 23)
A9: New | B9: Item | C9: Acquired | D9: : | E9: 280.00K | F9: (8, | G9: 6)
A10: New | B10: Item | C10: Acquired | D10: : | E10: 90.00K | F10: (7, | G10: 1)
A11: New | B11: Item | C11: Acquired | D11: : | E11: 120.00K | F11: (8, | G11: 23)
A12: New | B12: Item | C12: Acquired | D12: : | E12: 75.00K | F12: (6, | G12: 15)
A13: New | B13: Item | C13: Acquired | D13: : | E13: 210.00K | F13: (7, | G13: 24)
A14: New | B14: Item | C14: Acquired | D14: : | E14: 75.00K | F14: (6, | G14: 2)
A15: New | B15: Item | C15: Acquired | D15: : | E15: Minor | F15: (8, | G15: 18)
A16: New | B16: Item | C16: Acquired | D16: : | E16: 90.00K | F16: (7, | G16: 7)
A17: New | B17: Item | C17: Acquired | D17: : | E17: 280.00K | F17: (8, | G17: 14)
... A29: New | B29: Item | C29: Acquired | D29: : | E29: 210.00K | F29: (7, | G29: 3)
A30: Line | B30: Prize | C30: Acquired | D30: : | E30: 1.26M | F30: (Stage | G30: : | H30: 7) | I30: - | J30: 1260000
A31: Clear | B31: Gem | C31: Acquired | D31: : | E31: 0 | F31: -> | G31: 100 | H31: (Stage | I31: : | J31: 7)
A32: Item | B32: ReSelect | C32: Failed | D32: : | E32: Attempt | F32: Count | G32: - | H32: 3
A33: New | B33: Item | C33: Acquired | D33: : | E33: 75.00K | F33: (6, | G33: 12)
A34: New | B34: Item | C34: Acquired | D34: : | E34: 75.00K | F34: (6, | G34: 22)
A35: New | B35: Item | C35: Acquired | D35: : | E35: 90.00K | F35: (7, | G35: 5)
A36: New | B36: Item | C36: Acquired | D36: : | E36: 90.00K | F36: (7, | G36: 9)
A37: New | B37: Item | C37: Acquired | D37: : | E37: 125.00K | F37: (6, | G37: 5)
A38: New | B38: Item | C38: Acquired | D38: : | E38: 90.00K | F38: (7, | G38: 19)
A39: New | B39: Item | C39: Acquired | D39: : | E39: Mini | F39: (8, | G39: 24)
A40: New | B40: Item | C40: Acquired | D40: : | E40: 175.00K | F40: (6, | G40: 23)
A41: New | B41: Item | C41: Acquired | D41: : | E41: 120.00K | F41: (8, | G41: 1)
A42: New | B42: Item | C42: Acquired | D42: : | E42: 150.00K | F42: (7, | G42: 17)
A43: New | B43: Item | C43: Acquired | D43: : | E43: 280.00K | F43: (8, | G43: 12)
A44: New | B44: Item | C44: Acquired | D44: : | E44: 90.00K | F44: (7, | G44: 15)
A45: New | B45: Item | C45: Acquired | D45: : | E45: 120.00K | F45: (8, | G45: 11)
A46: Line | B46: Prize | C46: Acquired | D46: : | E46: 1.44M | F46: (Stage | G46: : | H46: 8) | I46: - | J46: 1440000
A47: Clear | B47: Gem | C47: Acquired | D47: : | E47: 100 | F47: -> | G47: 200 | H47: (Stage | I47: : | J47: 8)
A48: New | B48: Item | C48: Acquired | D48: : | E48: 200.00K | F48: (8, | G48: 9)
A49: New | B49: Item | C49: Acquired | D49: : | E49: 120.00K | F49: (8, | G49: 21)
A50: New | B50: Item | C50: Acquired | D50: : | E50: 90.00K | F50: (7, | G50: 14)
A51: New | B51: Item | C51: Acquired | D51: : | E51: 90.00K | F51: (7, | G51: 22)
A52: New | B52: Item | C52: Acquired | D52: : | E52: 280.00K | F52: (8, | G52: 8)
A53: New | B53: Item | C53: Acquired | D53: : | E53: 150.00K | F53: (7, | G53: 21)
A54: Line | B54: Prize | C54: Acquired | D54: : | E54: 1.08M | F54: (Stage | G54: : | H54: 7) | I54: - | J54: 1080000
A55: Clear | B55: Gem | C55: Acquired | D55: : | E55: 200 | F55: -> | G55: 300 | H55: (Stage | I55: : | J55: 7)
A56: New | B56: Item | C56: Acquired | D56: : | E56: Mini | F56: (8, | G56: 19)
A57: New | B57: Item | C57: Acquired | D57: : | E57: 120.00K | F57: (8, | G57: 18)
A58: New | B58: Item | C58: Acquired | D58: : | E58: Mega | F58: (7, | G58: 15)
A59: New | B59: Item | C59: Acquired | D59: : | E59: 150.00K | F59: (7, | G59: 10)
A60: New | B60: Item | C60: Acquired | D60: : | E60: 120.00K | F60: (8, | G60: 23)
A61: New | B61: Item | C61: Acquired | D61: : | E61: 150.00K | F61: (7, | G61: 6)
A62: New | B62: Item | C62: Acquired | D62: : | E62: 210.00K | F62: (7, | G62: 19)
A63: New | B63: Item | C63: Acquired | D63: : | E63: 200.00K | F63: (8, | G63: 12)
A64: New | B64: Item | C64: Acquired | D64: : | E64: 150.00K | F64: (7, | G64: 11)
A65: New | B65: Item | C65: Acquired | D65: : | E65: 90.00K | F65: (7, | G65: 25)
A66: New | B66: Item | C66: Acquired | D66: : | E66: 200.00K | F66: (8, | G66: 10)
A67: New | B67: Item | C67: Acquired | D67: : | E67: 90.00K | F67: (7, | G67: 18)
... A70: New | B70: Item | C70: Acquired | D70: : | E70: 125.00K | F70: (6, | G70: 14)
A71: Line | B71: Prize | C71: Acquired | D71: : | E71: 850.00K | F71: (Stage | G71: : | H71: 6) | I71: - | J71: 850000
A72: Clear | B72: Gem | C72: Acquired | D72: : | E72: 300 | F72: -> | G72: 400 | H72: (Stage | I72: : | J72: 6)
A73: New | B73: Item | C73: Acquired | D73: : | E73: 75.00K | F73: (6, | G73: 5)
A74: New | B74: Item | C74: Acquired | D74: : | E74: 125.00K | F74: (6, | G74: 2)
A75: New | B75: Item | C75: Acquired | D75: : | E75: 120.00K | F75: (8, | G75: 22)
A76: New | B76: Item | C76: Acquired | D76: : | E76: 175.00K | F76: (6, | G76: 18)
A77: New | B77: Item | C77: Acquired | D77: : | E77: Minor | F77: (6, | G77: 7)
A78: New | B78: Item | C78: Acquired | D78: : | E78: 150.00K | F78: (7, | G78: 22)
A79: New | B79: Item | C79: Acquired | D79: : | E79: 90.00K | F79: (7, | G79: 3)
A80: New | B80: Item | C80: Acquired | D80: : | E80: 150.00K | F80: (7, | G80: 8)
A81: New | B81: Item | C81: Acquired | D81: : | E81: 90.00K | F81: (7, | G81: 12)
A82: New | B82: Item | C82: Acquired | D82: : | E82: 280.00K | F82: (8, | G82: 7)
A83: New | B83: Item | C83: Acquired | D83: : | E83: Minor | F83: (7, | G83: 17)
A84: New | B84: Item | C84: Acquired | D84: : | E84: Mini | F84: (8, | G84: 20)
... A97: New | B97: Item | C97: Acquired | D97: : | E97: 175.00K | F97: (6, | G97: 25)
A98: Line | B98: Prize | C98: Acquired | D98: : | E98: 1.68M | F98: (Stage | G98: : | H98: 6) | I98: - | J98: 1675000
A99: Clear | B99: Gem | C99: Acquired | D99: : | E99: 400 | F99: -> | G99: 500 | H99: (Stage | I99: : | J99: 6)
A100: New | B100: Item | C100: Acquired | D100: : | E100: 200.00K | F100: (8, | G100: 4)
A101: New | B101: Item | C101: Acquired | D101: : | E101: 75.00K | F101: (3, | G101: 6)
A102: New | B102: Item | C102: Acquired | D102: : | E102: 210.00K | F102: (7, | G102: 2)
A103: New | B103: Item | C103: Acquired | D103: : | E103: 120.00K | F103: (8, | G103: 2)
A104: Line | B104: Prize | C104: Acquired | D104: : | E104: 840.00K | F104: (Stage | G104: : | H104: 8) | I104: - | J104: 840000
A105: Clear | B105: Gem | C105: Acquired | D105: : | E105: 500 | F105: -> | G105: 600 | H105: (Stage | I105: : | J105: 8)
A106: New | B106: Item | C106: Acquired | D106: : | E106: Mini | F106: (4, | G106: 4)
A107: New | B107: Item | C107: Acquired | D107: : | E107: 120.00K | F107: (8, | G107: 14)
A108: New | B108: Item | C108: Acquired | D108: : | E108: Minor | F108: (8, | G108: 12)
A109: New | B109: Item | C109: Acquired | D109: : | E109: 90.00K | F109: (7, | G109: 14)
A110: Line | B110: Prize | C110: Acquired | D110: : | E110: 15.93M | F110: (Stage | G110: : | H110: 7) | I110: - | J110: 15930000
A111: Clear | B111: Gem | C111: Acquired | D111: : | E111: 600 | F111: -> | G111: 700 | H111: (Stage | I111: : | J111: 7)
A112: New | B112: Item | C112: Acquired | D112: : | E112: 75.00K | F112: (6, | G112: 18)
A113: New | B113: Item | C113: Acquired | D113: : | E113: 125.00K | F113: (6, | G113: 1)
A114: New | B114: Item | C114: Acquired | D114: : | E114: 90.00K | F114: (7, | G114: 9)
A115: New | B115: Item | C115: Acquired | D115: : | E115: 120.00K | F115: (8, | G115: 9)
A116: New | B116: Item | C116: Acquired | D116: : | E116: 200.00K | F116: (8, | G116: 10)
A117: New | B117: Item | C117: Acquired | D117: : | E117: 200.00K | F117: (8, | G117: 1)
A118: New | B118: Item | C118: Acquired | D118: : | E118: 45.00K | F118: (3, | G118: 10)
A119: New | B119: Item | C119: Acquired | D119: : | E119: 150.00K | F119: (7, | G119: 24)
A120: New | B120: Item | C120: Acquired | D120: : | E120: 280.00K | F120: (8, | G120: 8)
A121: New | B121: Item | C121: Acquired | D121: : | E121: 37.50K | F121: (2, | G121: 1)
A122: New | B122: Item | C122: Acquired | D122: : | E122: Major | F122: (6, | G122: 5)
A123: New | B123: Item | C123: Acquired | D123: : | E123: 125.00K | F123: (6, | G123: 15)
... A140: New | B140: Item | C140: Acquired | D140: : | E140: 200.00K | F140: (8, | G140: 22)

Sheet Bet4
A1: CONFIDENTIAL — Shared for portfolio review purposes only. All game content is the property of its respective studio.
A2: New | B2: Item | C2: Acquired | D2: : | E2: Mini | F2: (8, | G2: 7) | K2: Spins | L2: 3000
A3: New | B3: Item | C3: Acquired | D3: : | E3: 120.00K | F3: (8, | G3: 12) | K3: Symbol Pick | L3: =COUNTIF(A:A,"") | M3: =L1/L2
A4: New | B4: Item | C4: Acquired | D4: : | E4: 120.00K | F4: (8, | G4: 23) | K4: Bingo Wins | L4: =COUNTIF(A:A,"Line") | M4: =L1/L3
A5: New | B5: Item | C5: Acquired | D5: : | E5: 150.00K | F5: (7, | G5: 24) | L5: =L2/L3
A6: New | B6: Item | C6: Acquired | D6: : | E6: 200.00K | F6: (8, | G6: 25)
A7: New | B7: Item | C7: Acquired | D7: : | E7: 150.00K | F7: (7, | G7: 25)
A8: New | B8: Item | C8: Acquired | D8: : | E8: Mini | F8: (7, | G8: 18)
A9: New | B9: Item | C9: Acquired | D9: : | E9: Mini | F9: (5, | G9: 6)
A10: New | B10: Item | C10: Acquired | D10: : | E10: 120.00K | F10: (8, | G10: 19)
A11: New | B11: Item | C11: Acquired | D11: : | E11: 210.00K | F11: (7, | G11: 22)
A12: New | B12: Item | C12: Acquired | D12: : | E12: 175.00K | F12: (6, | G12: 3)
A13: New | B13: Item | C13: Acquired | D13: : | E13: 67.50K | F13: (5, | G13: 2)
A14: New | B14: Item | C14: Acquired | D14: : | E14: 67.50K | F14: (5, | G14: 5)
A15: New | B15: Item | C15: Acquired | D15: : | E15: 210.00K | F15: (7, | G15: 9)
A16: New | B16: Item | C16: Acquired | D16: : | E16: 125.00K | F16: (6, | G16: 23)
A17: New | B17: Item | C17: Acquired | D17: : | E17: 75.00K | F17: (6, | G17: 16)
... A46: New | B46: Item | C46: Acquired | D46: : | E46: 67.50K | F46: (5, | G46: 23)
A47: Item | B47: ReSelect | C47: Failed | D47: : | E47: Attempt | F47: Count | G47: - | H47: 3
A48: New | B48: Item | C48: Acquired | D48: : | E48: 75.00K | F48: (6, | G48: 19)
A49: New | B49: Item | C49: Acquired | D49: : | E49: 90.00K | F49: (7, | G49: 4)
A50: New | B50: Item | C50: Acquired | D50: : | E50: 75.00K | F50: (4, | G50: 25)
A51: New | B51: Item | C51: Acquired | D51: : | E51: 112.50K | F51: (5, | G51: 24)
A52: New | B52: Item | C52: Acquired | D52: : | E52: 75.00K | F52: (6, | G52: 25)
A53: New | B53: Item | C53: Acquired | D53: : | E53: 125.00K | F53: (6, | G53: 6)
A54: New | B54: Item | C54: Acquired | D54: : | E54: 112.50K | F54: (5, | G54: 8)
A55: New | B55: Item | C55: Acquired | D55: : | E55: 67.50K | F55: (5, | G55: 22)
A56: New | B56: Item | C56: Acquired | D56: : | E56: 157.50K | F56: (5, | G56: 1)
A57: Item | B57: ReSelect | C57: Failed | D57: : | E57: Attempt | F57: Count | G57: - | H57: 3
A58: New | B58: Item | C58: Acquired | D58: : | E58: 75.00K | F58: (6, | G58: 24)
A59: Line | B59: Prize | C59: Acquired | D59: : | E59: 575.00K | F59: (Stage | G59: : | H59: 6) | I59: - | J59: 575000
A60: Clear | B60: Gem | C60: Acquired | D60: : | E60: 0 | F60: -> | G60: 100 | H60: (Stage | I60: : | J60: 6)
A61: New | B61: Item | C61: Acquired | D61: : | E61: 67.50K | F61: (5, | G61: 7)
A62: New | B62: Item | C62: Acquired | D62: : | E62: Minor | F62: (6, | G62: 2)
A63: New | B63: Item | C63: Acquired | D63: : | E63: 200.00K | F63: (8, | G63: 1)
A64: Line | B64: Prize | C64: Acquired | D64: : | E64: 2.12M | F64: (Stage | G64: : | H64: 8) | I64: - | J64: 2120000
A65: Clear | B65: Gem | C65: Acquired | D65: : | E65: 100 | F65: -> | G65: 200 | H65: (Stage | I65: : | J65: 8)
A66: New | B66: Item | C66: Acquired | D66: : | E66: 125.00K | F66: (6, | G66: 25)
A67: New | B67: Item | C67: Acquired | D67: : | E67: 210.00K | F67: (7, | G67: 8)
A68: New | B68: Item | C68: Acquired | D68: : | E68: 120.00K | F68: (8, | G68: 22)
A69: New | B69: Item | C69: Acquired | D69: : | E69: 90.00K | F69: (7, | G69: 23)
A70: Line | B70: Prize | C70: Acquired | D70: : | E70: 1.65M | F70: (Stage | G70: : | H70: 7) | I70: - | J70: 1650000
A71: Clear | B71: Gem | C71: Acquired | D71: : | E71: 200 | F71: -> | G71: 300 | H71: (Stage | I71: : | J71: 7)
A72: New | B72: Item | C72: Acquired | D72: : | E72: 210.00K | F72: (7, | G72: 5)
A73: New | B73: Item | C73: Acquired | D73: : | E73: 45.00K | F73: (3, | G73: 17)
A74: New | B74: Item | C74: Acquired | D74: : | E74: 62.50K | F74: (2, | G74: 1)
A75: New | B75: Item | C75: Acquired | D75: : | E75: Minor | F75: (6, | G75: 5)
A76: New | B76: Item | C76: Acquired | D76: : | E76: 112.50K | F76: (5, | G76: 21)
A77: New | B77: Item | C77: Acquired | D77: : | E77: 157.50K | F77: (5, | G77: 17)
A78: Line | B78: Prize | C78: Acquired | D78: : | E78: 472.50K | F78: (Stage | G78: : | H78: 5) | I78: - | J78: 472500
A79: Clear | B79: Gem | C79: Acquired | D79: : | E79: 300 | F79: -> | G79: 400 | H79: (Stage | I79: : | J79: 5)
A80: New | B80: Item | C80: Acquired | D80: : | E80: 157.50K | F80: (5, | G80: 15)
A81: New | B81: Item | C81: Acquired | D81: : | E81: 150.00K | F81: (7, | G81: 3)
A82: New | B82: Item | C82: Acquired | D82: : | E82: Mini | F82: (7, | G82: 4)
A83: New | B83: Item | C83: Acquired | D83: : | E83: 150.00K | F83: (7, | G83: 18)
A84: New | B84: Item | C84: Acquired | D84: : | E84: 67.50K | F84: (5, | G84: 22)
A85: New | B85: Item | C85: Acquired | D85: : | E85: 150.00K | F85: (7, | G85: 10)
A86: New | B86: Item | C86: Acquired | D86: : | E86: 105.00K | F86: (4, | G86: 20)
A87: New | B87: Item | C87: Acquired | D87: : | E87: 67.50K | F87: (5, | G87: 3)
A88: New | B88: Item | C88: Acquired | D88: : | E88: 67.50K | F88: (5, | G88: 18)
A89: New | B89: Item | C89: Acquired | D89: : | E89: 150.00K | F89: (7, | G89: 1)
A90: New | B90: Item | C90: Acquired | D90: : | E90: 125.00K | F90: (6, | G90: 17)
A91: New | B91: Item | C91: Acquired | D91: : | E91: 175.00K | F91: (6, | G91: 23)
... A119: New | B119: Item | C119: Acquired | D119: : | E119: 175.00K | F119: (6, | G119: 20)
A120: Line | B120: Prize | C120: Acquired | D120: : | E120: 1.00M | F120: (Stage | G120: : | H120: 6) | I120: - | J120: 1000000
A121: Line | B121: Prize | C121: Acquired | D121: : | E121: 1.30M | F121: (Stage | G121: : | H121: 6) | I121: - | J121: 1300000
A122: Clear | B122: Gem | C122: Acquired | D122: : | E122: 400 | F122: -> | G122: 500 | H122: (Stage | I122: : | J122: 6)
A123: New | B123: Item | C123: Acquired | D123: : | E123: 60.00K | F123: (4, | G123: 19)
A124: New | B124: Item | C124: Acquired | D124: : | E124: 75.00K | F124: (6, | G124: 22)
A125: New | B125: Item | C125: Acquired | D125: : | E125: Mini | F125: (7, | G125: 21)
A126: New | B126: Item | C126: Acquired | D126: : | E126: 150.00K | F126: (7, | G126: 23)
A127: Line | B127: Prize | C127: Acquired | D127: : | E127: 1.14M | F127: (Stage | G127: : | H127: 7) | I127: - | J127: 1140000
A128: Clear | B128: Gem | C128: Acquired | D128: : | E128: 500 | F128: -> | G128: 600 | H128: (Stage | I128: : | J128: 7)
A129: New | B129: Item | C129: Acquired | D129: : | E129: 90.00K | F129: (7, | G129: 25)
A130: New | B130: Item | C130: Acquired | D130: : | E130: 210.00K | F130: (7, | G130: 12)
A131: New | B131: Item | C131: Acquired | D131: : | E131: 87.50K | F131: (2, | G131: 3)
A132: New | B132: Item | C132: Acquired | D132: : | E132: 67.50K | F132: (5, | G132: 17)
A133: New | B133: Item | C133: Acquired | D133: : | E133: 125.00K | F133: (6, | G133: 18)
A134: New | B134: Item | C134: Acquired | D134: : | E134: 112.50K | F134: (5, | G134: 19)
A135: New | B135: Item | C135: Acquired | D135: : | E135: 75.00K | F135: (6, | G135: 3)
A136: New | B136: Item | C136: Acquired | D136: : | E136: 125.00K | F136: (6, | G136: 6)
A137: New | B137: Item | C137: Acquired | D137: : | E137: 75.00K | F137: (6, | G137: 9)
A138: New | B138: Item | C138: Acquired | D138: : | E138: 210.00K | F138: (7, | G138: 14)
A139: New | B139: Item | C139: Acquired | D139: : | E139: 90.00K | F139: (7, | G139: 3)
A140: New | B140: Item | C140: Acquired | D140: : | E140: 112.50K | F140: (5, | G140: 14)
... A162: New | B162: Item | C162: Acquired | D162: : | E162: Minor | F162: (5, | G162: 4)
A163: Line | B163: Prize | C163: Acquired | D163: : | E163: 1.08M | F163: (Stage | G163: : | H163: 5) | I163: - | J163: 1080000
A164: Clear | B164: Gem | C164: Acquired | D164: : | E164: 600 | F164: -> | G164: 700 | H164: (Stage | I164: : | J164: 5)
A165: New | B165: Item | C165: Acquired | D165: : | E165: Minor | F165: (5, | G165: 19)
A166: New | B166: Item | C166: Acquired | D166: : | E166: Mini | F166: (6, | G166: 2)
A167: Line | B167: Prize | C167: Acquired | D167: : | E167: 850.00K | F167: (Stage | G167: : | H167: 6) | I167: - | J167: 850000
A168: Clear | B168: Gem | C168: Acquired | D168: : | E168: 700 | F168: -> | G168: 800 | H168: (Stage | I168: : | J168: 6)
A169: New | B169: Item | C169: Acquired | D169: : | E169: 150.00K | F169: (7, | G169: 6)
A170: New | B170: Item | C170: Acquired | D170: : | E170: 90.00K | F170: (7, | G170: 22)
A171: Line | B171: Prize | C171: Acquired | D171: : | E171: 810.00K | F171: (Stage | G171: : | H171: 7) | I171: - | J171: 810000
A172: Clear | B172: Gem | C172: Acquired | D172: : | E172: 800 | F172: -> | G172: 900 | H172: (Stage | I172: : | J172: 7)
A173: New | B173: Item | C173: Acquired | D173: : | E173: Mini | F173: (7, | G173: 10)

Sheet Bet3
A1: CONFIDENTIAL — Shared for portfolio review purposes only. All game content is the property of its respective studio.
A2: New | B2: Item | C2: Acquired | D2: : | E2: Mini | F2: (4, | G2: 22) | K2: Spins | L2: 3000
A3: New | B3: Item | C3: Acquired | D3: : | E3: 120.00K | F3: (8, | G3: 14) | K3: Symbol Pick | L3: =COUNTIF(A:A,"") | M3: =L1/L2
A4: New | B4: Item | C4: Acquired | D4: : | E4: Major | F4: (4, | G4: 6) | K4: Bingo Wins | L4: =COUNTIF(A:A,"Line") | M4: =L1/L3
A5: New | B5: Item | C5: Acquired | D5: : | E5: 112.50K | F5: (5, | G5: 1) | L5: =L2/L3
A6: New | B6: Item | C6: Acquired | D6: : | E6: 30.00K | F6: (1, | G6: 17)
A7: New | B7: Item | C7: Acquired | D7: : | E7: 105.00K | F7: (4, | G7: 15)
A8: New | B8: Item | C8: Acquired | D8: : | E8: 112.50K | F8: (5, | G8: 15)
A9: New | B9: Item | C9: Acquired | D9: : | E9: 90.00K | F9: (7, | G9: 22)
A10: New | B10: Item | C10: Acquired | D10: : | E10: 60.00K | F10: (4, | G10: 24)
A11: New | B11: Item | C11: Acquired | D11: : | E11: 45.00K | F11: (3, | G11: 6)
A12: New | B12: Item | C12: Acquired | D12: : | E12: 67.50K | F12: (5, | G12: 3)
A13: New | B13: Item | C13: Acquired | D13: : | E13: 105.00K | F13: (4, | G13: 21)
A14: New | B14: Item | C14: Acquired | D14: : | E14: Mini | F14: (6, | G14: 20)
A15: New | B15: Item | C15: Acquired | D15: : | E15: 75.00K | F15: (4, | G15: 3)
A16: New | B16: Item | C16: Acquired | D16: : | E16: 45.00K | F16: (3, | G16: 16)
A17: New | B17: Item | C17: Acquired | D17: : | E17: 175.00K | F17: (6, | G17: 23)
... A37: New | B37: Item | C37: Acquired | D37: : | E37: 67.50K | F37: (5, | G37: 19)
A38: Item | B38: ReSelect | C38: Failed | D38: : | E38: Attempt | F38: Count | G38: - | H38: 3
A39: New | B39: Item | C39: Acquired | D39: : | E39: 112.50K | F39: (5, | G39: 14)
A40: Line | B40: Prize | C40: Acquired | D40: : | E40: 472.50K | F40: (Stage | G40: : | H40: 5) | I40: - | J40: 472500
A41: Clear | B41: Gem | C41: Acquired | D41: : | E41: 0 | F41: -> | G41: 100 | H41: (Stage | I41: : | J41: 5)
A42: New | B42: Item | C42: Acquired | D42: : | E42: 112.50K | F42: (5, | G42: 12)
A43: New | B43: Item | C43: Acquired | D43: : | E43: 67.50K | F43: (5, | G43: 2)
A44: New | B44: Item | C44: Acquired | D44: : | E44: 175.00K | F44: (6, | G44: 8)
A45: New | B45: Item | C45: Acquired | D45: : | E45: Minor | F45: (6, | G45: 21)
A46: New | B46: Item | C46: Acquired | D46: : | E46: 125.00K | F46: (6, | G46: 10)
A47: New | B47: Item | C47: Acquired | D47: : | E47: 60.00K | F47: (4, | G47: 5)
A48: New | B48: Item | C48: Acquired | D48: : | E48: 112.50K | F48: (5, | G48: 9)
A49: New | B49: Item | C49: Acquired | D49: : | E49: 67.50K | F49: (5, | G49: 23)
A50: New | B50: Item | C50: Acquired | D50: : | E50: 150.00K | F50: (7, | G50: 12)
A51: New | B51: Item | C51: Acquired | D51: : | E51: 67.50K | F51: (5, | G51: 10)
A52: New | B52: Item | C52: Acquired | D52: : | E52: Mini | F52: (5, | G52: 11)
A53: New | B53: Item | C53: Acquired | D53: : | E53: 60.00K | F53: (4, | G53: 19)
... A55: New | B55: Item | C55: Acquired | D55: : | E55: 67.50K | F55: (5, | G55: 1)
A56: Item | B56: ReSelect | C56: Failed | D56: : | E56: Attempt | F56: Count | G56: - | H56: 3
A57: New | B57: Item | C57: Acquired | D57: : | E57: Major | F57: (5, | G57: 19)
A58: New | B58: Item | C58: Acquired | D58: : | E58: 105.00K | F58: (4, | G58: 4)
A59: Line | B59: Prize | C59: Acquired | D59: : | E59: 900.00K | F59: (Stage | G59: : | H59: 4) | I59: - | J59: 900000
A60: Line | B60: Prize | C60: Acquired | D60: : | E60: 345.00K | F60: (Stage | G60: : | H60: 4) | I60: - | J60: 345000
A61: Clear | B61: Gem | C61: Acquired | D61: : | E61: 100 | F61: -> | G61: 200 | H61: (Stage | I61: : | J61: 4)
A62: New | B62: Item | C62: Acquired | D62: : | E62: Mini | F62: (6, | G62: 17)
A63: New | B63: Item | C63: Acquired | D63: : | E63: Minor | F63: (4, | G63: 5)
A64: New | B64: Item | C64: Acquired | D64: : | E64: 75.00K | F64: (4, | G64: 24)
A65: New | B65: Item | C65: Acquired | D65: : | E65: 125.00K | F65: (6, | G65: 6)
A66: New | B66: Item | C66: Acquired | D66: : | E66: 90.00K | F66: (7, | G66: 25)
A67: New | B67: Item | C67: Acquired | D67: : | E67: 70.00K | F67: (1, | G67: 2)
A68: New | B68: Item | C68: Acquired | D68: : | E68: 60.00K | F68: (4, | G68: 2)
A69: New | B69: Item | C69: Acquired | D69: : | E69: 125.00K | F69: (6, | G69: 4)
A70: New | B70: Item | C70: Acquired | D70: : | E70: 157.50K | F70: (5, | G70: 14)
A71: New | B71: Item | C71: Acquired | D71: : | E71: 157.50K | F71: (5, | G71: 25)
A72: Line | B72: Prize | C72: Acquired | D72: : | E72: 3.04M | F72: (Stage | G72: : | H72: 5) | I72: - | J72: 3037500
A73: Clear | B73: Gem | C73: Acquired | D73: : | E73: 200 | F73: -> | G73: 300 | H73: (Stage | I73: : | J73: 5)
A74: New | B74: Item | C74: Acquired | D74: : | E74: 30.00K | F74: (1, | G74: 6)
A75: New | B75: Item | C75: Acquired | D75: : | E75: 90.00K | F75: (7, | G75: 2)
A76: New | B76: Item | C76: Acquired | D76: : | E76: Mega | F76: (5, | G76: 4)
A77: New | B77: Item | C77: Acquired | D77: : | E77: 120.00K | F77: (8, | G77: 2)
A78: New | B78: Item | C78: Acquired | D78: : | E78: Mini | F78: (5, | G78: 5)
A79: New | B79: Item | C79: Acquired | D79: : | E79: 105.00K | F79: (3, | G79: 24)
A80: New | B80: Item | C80: Acquired | D80: : | E80: Minor | F80: (4, | G80: 9)
A81: New | B81: Item | C81: Acquired | D81: : | E81: 175.00K | F81: (6, | G81: 9)
A82: New | B82: Item | C82: Acquired | D82: : | E82: Mini | F82: (4, | G82: 8)
A83: New | B83: Item | C83: Acquired | D83: : | E83: 105.00K | F83: (4, | G83: 14)
A84: New | B84: Item | C84: Acquired | D84: : | E84: 90.00K | F84: (7, | G84: 8)
A85: New | B85: Item | C85: Acquired | D85: : | E85: 60.00K | F85: (4, | G85: 20)
... A90: New | B90: Item | C90: Acquired | D90: : | E90: 125.00K | F90: (6, | G90: 7)
A91: Line | B91: Prize | C91: Acquired | D91: : | E91: 725.00K | F91: (Stage | G91: : | H91: 6) | I91: - | J91: 725000
A92: Clear | B92: Gem | C92: Acquired | D92: : | E92: 300 | F92: -> | G92: 400 | H92: (Stage | I92: : | J92: 6)
A93: New | B93: Item | C93: Acquired | D93: : | E93: 105.00K | F93: (4, | G93: 22)
A94: New | B94: Item | C94: Acquired | D94: : | E94: 75.00K | F94: (6, | G94: 24)
A95: New | B95: Item | C95: Acquired | D95: : | E95: 67.50K | F95: (5, | G95: 20)
A96: New | B96: Item | C96: Acquired | D96: : | E96: 67.50K | F96: (5, | G96: 1)
A97: New | B97: Item | C97: Acquired | D97: : | E97: 62.50K | F97: (2, | G97: 24)
A98: New | B98: Item | C98: Acquired | D98: : | E98: 125.00K | F98: (6, | G98: 19)
A99: New | B99: Item | C99: Acquired | D99: : | E99: 112.50K | F99: (5, | G99: 17)
A100: New | B100: Item | C100: Acquired | D100: : | E100: 175.00K | F100: (6, | G100: 16)
A101: New | B101: Item | C101: Acquired | D101: : | E101: 105.00K | F101: (4, | G101: 16)
A102: New | B102: Item | C102: Acquired | D102: : | E102: 75.00K | F102: (6, | G102: 10)
A103: New | B103: Item | C103: Acquired | D103: : | E103: 105.00K | F103: (4, | G103: 6)
A104: New | B104: Item | C104: Acquired | D104: : | E104: 200.00K | F104: (8, | G104: 10)
... A115: New | B115: Item | C115: Acquired | D115: : | E115: 105.00K | F115: (4, | G115: 7)
A116: Line | B116: Prize | C116: Acquired | D116: : | E116: 1.27M | F116: (Stage | G116: : | H116: 4) | I116: - | J116: 1270000
A117: Clear | B117: Gem | C117: Acquired | D117: : | E117: 400 | F117: -> | G117: 500 | H117: (Stage | I117: : | J117: 4)
A118: New | B118: Item | C118: Acquired | D118: : | E118: 175.00K | F118: (6, | G118: 21)
A119: New | B119: Item | C119: Acquired | D119: : | E119: 45.00K | F119: (3, | G119: 15)
A120: New | B120: Item | C120: Acquired | D120: : | E120: Mini | F120: (4, | G120: 9)
A121: New | B121: Item | C121: Acquired | D121: : | E121: 112.50K | F121: (5, | G121: 16)
A122: New | B122: Item | C122: Acquired | D122: : | E122: 75.00K | F122: (4, | G122: 20)
A123: New | B123: Item | C123: Acquired | D123: : | E123: 70.00K | F123: (1, | G123: 18)
A124: New | B124: Item | C124: Acquired | D124: : | E124: 125.00K | F124: (6, | G124: 20)
A125: New | B125: Item | C125: Acquired | D125: : | E125: 280.00K | F125: (8, | G125: 25)
A126: New | B126: Item | C126: Acquired | D126: : | E126: 87.50K | F126: (2, | G126: 4)
A127: New | B127: Item | C127: Acquired | D127: : | E127: 45.00K | F127: (3, | G127: 18)
A128: New | B128: Item | C128: Acquired | D128: : | E128: 62.50K | F128: (2, | G128: 17)
A129: New | B129: Item | C129: Acquired | D129: : | E129: 75.00K | F129: (6, | G129: 11)
A130: Line | B130: Prize | C130: Acquired | D130: : | E130: 625.00K | F130: (Stage | G130: : | H130: 6) | I130: - | J130: 625000
A131: Clear | B131: Gem | C131: Acquired | D131: : | E131: 500 | F131: -> | G131: 600 | H131: (Stage | I131: : | J131: 6)
A132: New | B132: Item | C132: Acquired | D132: : | E132: 112.50K | F132: (5, | G132: 10)
A133: New | B133: Item | C133: Acquired | D133: : | E133: 112.50K | F133: (5, | G133: 3)
A134: New | B134: Item | C134: Acquired | D134: : | E134: 150.00K | F134: (7, | G134: 11)
...

Sheet Bet2
A1: CONFIDENTIAL — Shared for portfolio review purposes only. All game content is the property of its respective studio.
A2: New | B2: Item | C2: Acquired | D2: : | E2: Mini | F2: (3, | G2: 24) | K2: Spins | L2: 3000
A3: New | B3: Item | C3: Acquired | D3: : | E3: 75.00K | F3: (4, | G3: 1) | K3: Symbol Pick | L3: =COUNTIF(A:A,"") | M3: =L1/L2
A4: New | B4: Item | C4: Acquired | D4: : | E4: 280.00K | F4: (8, | G4: 25) | K4: Bingo Wins | L4: =COUNTIF(A:A,"Line") | M4: =L1/L3
A5: New | B5: Item | C5: Acquired | D5: : | E5: 70.00K | F5: (1, | G5: 19) | L5: =L2/L3
A6: New | B6: Item | C6: Acquired | D6: : | E6: 60.00K | F6: (4, | G6: 17)
A7: New | B7: Item | C7: Acquired | D7: : | E7: Mini | F7: (1, | G7: 23)
A8: New | B8: Item | C8: Acquired | D8: : | E8: Minor | F8: (1, | G8: 17)
A9: New | B9: Item | C9: Acquired | D9: : | E9: 200.00K | F9: (8, | G9: 16)
A10: New | B10: Item | C10: Acquired | D10: : | E10: 105.00K | F10: (4, | G10: 25)
A11: New | B11: Item | C11: Acquired | D11: : | E11: 67.50K | F11: (5, | G11: 23)
A12: New | B12: Item | C12: Acquired | D12: : | E12: 37.50K | F12: (2, | G12: 16)
A13: New | B13: Item | C13: Acquired | D13: : | E13: 75.00K | F13: (3, | G13: 5)
A14: New | B14: Item | C14: Acquired | D14: : | E14: 37.50K | F14: (2, | G14: 25)
A15: New | B15: Item | C15: Acquired | D15: : | E15: 37.50K | F15: (2, | G15: 11)
A16: New | B16: Item | C16: Acquired | D16: : | E16: 37.50K | F16: (2, | G16: 3)
A17: New | B17: Item | C17: Acquired | D17: : | E17: 50.00K | F17: (1, | G17: 2)
... A56: New | B56: Item | C56: Acquired | D56: : | E56: 75.00K | F56: (6, | G56: 3)
A57: Item | B57: ReSelect | C57: Failed | D57: : | E57: Attempt | F57: Count | G57: - | H57: 3
A58: New | B58: Item | C58: Acquired | D58: : | E58: Mini | F58: (2, | G58: 12)
A59: New | B59: Item | C59: Acquired | D59: : | E59: 75.00K | F59: (6, | G59: 11)
A60: New | B60: Item | C60: Acquired | D60: : | E60: 67.50K | F60: (5, | G60: 14)
A61: New | B61: Item | C61: Acquired | D61: : | E61: 30.00K | F61: (1, | G61: 4)
A62: New | B62: Item | C62: Acquired | D62: : | E62: 60.00K | F62: (4, | G62: 15)
A63: New | B63: Item | C63: Acquired | D63: : | E63: 150.00K | F63: (7, | G63: 8)
A64: New | B64: Item | C64: Acquired | D64: : | E64: 75.00K | F64: (3, | G64: 6)
A65: New | B65: Item | C65: Acquired | D65: : | E65: 67.50K | F65: (5, | G65: 12)
A66: New | B66: Item | C66: Acquired | D66: : | E66: 120.00K | F66: (8, | G66: 19)
A67: New | B67: Item | C67: Acquired | D67: : | E67: 62.50K | F67: (2, | G67: 22)
A68: New | B68: Item | C68: Acquired | D68: : | E68: 90.00K | F68: (7, | G68: 3)
A69: New | B69: Item | C69: Acquired | D69: : | E69: 150.00K | F69: (7, | G69: 11)
... A72: New | B72: Item | C72: Acquired | D72: : | E72: 87.50K | F72: (2, | G72: 7)
A73: Item | B73: ReSelect | C73: Failed | D73: : | E73: Attempt | F73: Count | G73: - | H73: 3
A74: New | B74: Item | C74: Acquired | D74: : | E74: 75.00K | F74: (6, | G74: 9)
A75: New | B75: Item | C75: Acquired | D75: : | E75: 62.50K | F75: (2, | G75: 6)
A76: New | B76: Item | C76: Acquired | D76: : | E76: 67.50K | F76: (5, | G76: 10)
A77: New | B77: Item | C77: Acquired | D77: : | E77: 75.00K | F77: (4, | G77: 20)
A78: New | B78: Item | C78: Acquired | D78: : | E78: 87.50K | F78: (2, | G78: 8)
A79: Line | B79: Prize | C79: Acquired | D79: : | E79: 6.71M | F79: (Stage | G79: : | H79: 2) | I79: - | J79: 6712500
A80: Clear | B80: Gem | C80: Acquired | D80: : | E80: 0 | F80: -> | G80: 100 | H80: (Stage | I80: : | J80: 2)
A81: New | B81: Item | C81: Acquired | D81: : | E81: 75.00K | F81: (6, | G81: 10)
A82: New | B82: Item | C82: Acquired | D82: : | E82: 62.50K | F82: (2, | G82: 15)
A83: New | B83: Item | C83: Acquired | D83: : | E83: 125.00K | F83: (6, | G83: 16)
A84: New | B84: Item | C84: Acquired | D84: : | E84: 280.00K | F84: (8, | G84: 4)
A85: New | B85: Item | C85: Acquired | D85: : | E85: Minor | F85: (4, | G85: 19)
A86: New | B86: Item | C86: Acquired | D86: : | E86: 50.00K | F86: (1, | G86: 7)
A87: New | B87: Item | C87: Acquired | D87: : | E87: 90.00K | F87: (7, | G87: 9)
A88: New | B88: Item | C88: Acquired | D88: : | E88: 62.50K | F88: (2, | G88: 16)
A89: New | B89: Item | C89: Acquired | D89: : | E89: 87.50K | F89: (2, | G89: 6)
A90: New | B90: Item | C90: Acquired | D90: : | E90: 175.00K | F90: (6, | G90: 5)
A91: New | B91: Item | C91: Acquired | D91: : | E91: 157.50K | F91: (5, | G91: 5)
A92: New | B92: Item | C92: Acquired | D92: : | E92: 125.00K | F92: (6, | G92: 23)
... A101: New | B101: Item | C101: Acquired | D101: : | E101: Mini | F101: (1, | G101: 20)
A102: Line | B102: Prize | C102: Acquired | D102: : | E102: 820.00K | F102: (Stage | G102: : | H102: 1) | I102: - | J102: 820000
A103: Clear | B103: Gem | C103: Acquired | D103: : | E103: 100 | F103: -> | G103: 200 | H103: (Stage | I103: : | J103: 1)
A104: New | B104: Item | C104: Acquired | D104: : | E104: 37.50K | F104: (2, | G104: 17)
A105: New | B105: Item | C105: Acquired | D105: : | E105: 150.00K | F105: (7, | G105: 19)
A106: New | B106: Item | C106: Acquired | D106: : | E106: 30.00K | F106: (1, | G106: 25)
A107: New | B107: Item | C107: Acquired | D107: : | E107: 62.50K | F107: (2, | G107: 14)
A108: New | B108: Item | C108: Acquired | D108: : | E108: 75.00K | F108: (3, | G108: 23)
A109: New | B109: Item | C109: Acquired | D109: : | E109: 30.00K | F109: (1, | G109: 22)
A110: New | B110: Item | C110: Acquired | D110: : | E110: 120.00K | F110: (8, | G110: 10)
A111: Item | B111: ReSelect | C111: Failed | D111: : | E111: Attempt | F111: Count | G111: - | H111: 3
A112: New | B112: Item | C112: Acquired | D112: : | E112: 30.00K | F112: (1, | G112: 2)
A113: New | B113: Item | C113: Acquired | D113: : | E113: 37.50K | F113: (2, | G113: 2)
A114: New | B114: Item | C114: Acquired | D114: : | E114: 62.50K | F114: (2, | G114: 5)
A115: New | B115: Item | C115: Acquired | D115: : | E115: 37.50K | F115: (2, | G115: 22)
A116: New | B116: Item | C116: Acquired | D116: : | E116: 37.50K | F116: (2, | G116: 25)
A117: New | B117: Item | C117: Acquired | D117: : | E117: 62.50K | F117: (2, | G117: 11)
A118: New | B118: Item | C118: Acquired | D118: : | E118: 70.00K | F118: (1, | G118: 4)
A119: New | B119: Item | C119: Acquired | D119: : | E119: Mini | F119: (2, | G119: 7)
A120: New | B120: Item | C120: Acquired | D120: : | E120: 45.00K | F120: (3, | G120: 12)
A121: Line | B121: Prize | C121: Acquired | D121: : | E121: 255.00K | F121: (Stage | G121: : | H121: 3) | I121: - | J121: 255000
A122: Clear | B122: Gem | C122: Acquired | D122: : | E122: 200 | F122: -> | G122: 300 | H122: (Stage | I122: : | J122: 3)
A123: New | B123: Item | C123: Acquired | D123: : | E123: 75.00K | F123: (3, | G123: 23)
A124: New | B124: Item | C124: Acquired | D124: : | E124: 75.00K | F124: (3, | G124: 11)
A125: New | B125: Item | C125: Acquired | D125: : | E125: 45.00K | F125: (3, | G125: 25)
A126: New | B126: Item | C126: Acquired | D126: : | E126: 75.00K | F126: (3, | G126: 17)
A127: New | B127: Item | C127: Acquired | D127: : | E127: 45.00K | F127: (3, | G127: 22)
A128: New | B128: Item | C128: Acquired | D128: : | E128: 75.00K | F128: (4, | G128: 7)
A129: Line | B129: Prize | C129: Acquired | D129: : | E129: 420.00K | F129: (Stage | G129: : | H129: 4) | I129: - | J129: 420000
A130: Line | B130: Prize | C130: Acquired | D130: : | E130: 1.25M | F130: (Stage | G130: : | H130: 4) | I130: - | J130: 1255000
A131: Clear | B131: Gem | C131: Acquired | D131: : | E131: 300 | F131: -> | G131: 400 | H131: (Stage | I131: : | J131: 4)
A132: New | B132: Item | C132: Acquired | D132: : | E132: Mini | F132: (1, | G132: 16)
A133: New | B133: Item | C133: Acquired | D133: : | E133: 75.00K | F133: (6, | G133: 15)
A134: New | B134: Item | C134: Acquired | D134: : | E134: Mini | F134: (7, | G134: 24)
A135: New | B135: Item | C135: Acquired | D135: : | E135: Minor | F135: (6, | G135: 24)
A136: New | B136: Item | C136: Acquired | D136: : | E136: 75.00K | F136: (4, | G136: 5)
A137: New | B137: Item | C137: Acquired | D137: : | E137: 120.00K | F137: (8, | G137: 24)
A138: New | B138: Item | C138: Acquired | D138: : | E138: 45.00K | F138: (3, | G138: 14)
A139: New | B139: Item | C139: Acquired | D139: : | E139: 90.00K | F139: (7, | G139: 14)
A140: New | B140: Item | C140: Acquired | D140: : | E140: 30.00K | F140: (1, | G140: 15)
A141: New | B141: Item | C141: Acquired | D141: : | E141: 30.00K | F141: (1, | G141: 23)
A142: New | B142: Item | C142: Acquired | D142: : | E142: 70.00K | F142: (1, | G142: 14)
A143: New | B143: Item | C143: Acquired | D143: : | E143: 60.00K | F143: (4, | G143: 3)

Sheet Bet1
A1: CONFIDENTIAL — Shared for portfolio review purposes only. All game content is the property of its respective studio.
A2: New | B2: Item Acquired: 70.00K (1, 19) | K2: Spins | L2: 3000 | M2: =L2/L3
A3: New | B3: Item Acquired: 60.00K (2, 16) | K3: Symbol Pick | L3: =COUNTIF(A:A,"*") | M3: =L1/L2
A4: New | B4: Item Acquired: 90.00K (3, 11) | K4: Bingo Wins | L4: =COUNTIF(A:A,"Line*") | M4: =L1/L3
A5: New | B5: Item Acquired: 60.00K (2, 22) | K5: Prize | L5: 2910000
A6: New | B6: Item Acquired: 150.00K (3, 8) | K6: Amount per Spin | L6: =L4/L1
A7: New | B7: Item Acquired: Minor (1, 10) | K7: 1 | L7: =COUNTIF($C:$C,K6) | M7: =VLOOKUP(K6,C:E,3,0)
A8: New | B8: Item Acquired: 30.00K (1, 5) | K8: 2 | L8: =COUNTIF($C:$C,K7) | M8: =VLOOKUP(K7,C:E,3,0)
A9: New | B9: Item Acquired: 100.00K (2, 14) | K9: 3 | L9: =L3-SUM(L6:L7,L9:L13) | M9: =VLOOKUP(K8,C:E,3,0)
A10: New | B10: Item Acquired: 210.00K (3, 3) | K10: 4 | L10: =COUNTIF($C:$C,K9) | M10: =VLOOKUP(K9,C:E,3,0)
A11: New | B11: Item Acquired: 30.00K (1, 12) | K11: 5 | L11: =COUNTIF($C:$C,K10) | M11: =VLOOKUP(K10,C:E,3,0)
A12: New | B12: Item Acquired: 30.00K (1, 25) | K12: 6 | L12: =COUNTIF($C:$C,K11) | M12: =VLOOKUP(K11,C:E,3,0)
A13: New | B13: Item Acquired: 30.00K (1, 1) | K13: 7 | L13: =COUNTIF($C:$C,K12) | M13: =VLOOKUP(K12,C:E,3,0)
A14: New | B14: Item Acquired: 30.00K (1, 8) | K14: 8 | L14: =COUNTIF($C:$C,K13) | M14: =VLOOKUP(K13,C:E,3,0)
A15: New | B15: Item Acquired: 30.00K (1, 20)
A16: New | B16: Item Acquired: 60.00K (2, 17)
A17: New | B17: Item Acquired: 50.00K (1, 24)
A18: New | B18: Item Acquired: Minor (1, 7)
A19: Line | B19: Prize Acquired : 630.00K (Stage : | C19: 1 | D19: ) - | E19: 630000
A20: Clear | B20: Clear Gem Acquired : 0 -> 100 (Stage | D20: : 1)
A21: New | B21: Item Acquired: 50.00K (1, 2)
A22: New | B22: Item Acquired: 50.00K (1, 18)
A23: New | B23: Item Acquired: 150.00K (4, 8)
A24: New | B24: Item Acquired: 100.00K (2, 23)
A25: New | B25: Item Acquired: 90.00K (3, 9)
A26: New | B26: Item Acquired: 140.00K (2, 5)
A27: New | B27: Item Acquired: 30.00K (1, 16)
A28: New | B28: Item Acquired: 140.00K (2, 12)
A29: New | B29: Item Acquired: 100.00K (2, 10)
A30: New | B30: Item Acquired: 210.00K (6, 5)
A31: New | B31: Item Acquired: 300.00K (5, 17)
A32: New | B32: Item Acquired: Mini (1, 23)
... A40: New | B40: Item Acquired: 60.00K (2, 24)
A41: It | B41: em Reselect Failed: Attempts - | C41: 3
A42: New | B42: Item Acquired: 150.00K (3, 18)
A43: It | B43: em Reselect Failed: Attempts - | C43: 3
A44: New | B44: Item Acquired: 150.00K (3, 12)
A45: New | B45: Item Acquired: 70.00K (1, 5)
A46: New | B46: Item Acquired: 490.00K (6, 12)
A47: New | B47: Item Acquired: 420.00K (5, 4)
A48: New | B48: Item Acquired: 90.00K (3, 5)
A49: New | B49: Item Acquired: 150.00K (3, 6)
A50: New | B50: Item Acquired: 100.00K (2, 8)
A51: New | B51: Item Acquired: 150.00K (4, 10)
A52: New | B52: Item Acquired: 60.00K (2, 25)
A53: New | B53: Item Acquired: Mini (2, 21)
A54: Line | B54: Prize Acquired : 680.00K (Stage : | C54: 2 | D54: ) - | E54: 680000
A55: Clear | B55: Clear Gem Acquired : 100 -> 200 (Stage | D55: : | E55: 2)
A56: It | B56: em Reselect Failed: Attempts - | C56: 3
A57: New | B57: Item Acquired: 50.00K (1, 9)
A58: New | B58: Item Acquired: 30.00K (1, 6)
A59: New | B59: Item Acquired: Mega (3, 24)
A60: New | B60: Item Acquired: 240.00K (7, 4)
A61: New | B61: Item Acquired: 60.00K (2, 22)
A62: New | B62: Item Acquired: 30.00K (1, 25)
A63: New | B63: Item Acquired: 560.00K (7, 23)
A64: New | B64: Item Acquired: 60.00K (2, 8)
A65: New | B65: Item Acquired: 90.00K (3, 15)
A66: It | B66: em Reselect Failed: Attempts - | C66: 3
A67: New | B67: Item Acquired: 50.00K (1, 3)
A68: New | B68: Item Acquired: 60.00K (2, 9)
A69: New | B69: Item Acquired: 30.00K (1, 1)
A70: Line | B70: Prize Acquired : 230.00K (Stage : | C70: 1 | D70: ) - | E70: 230000
A71: Clear | B71: Clear Gem Acquired : 200 -> 300 (Stage | D71: : | E71: 1)
A72: New | B72: Item Acquired: 150.00K (3, 19)
A73: New | B73: Item Acquired: 70.00K (1, 21)
A74: New | B74: Item Acquired: 60.00K (2, 7)
A75: New | B75: Item Acquired: 140.00K (2, 24)
A76: New | B76: Item Acquired: 90.00K (3, 20)
A77: New | B77: Item Acquired: 60.00K (2, 12)
A78: New | B78: Item Acquired: 50.00K (1, 15)
A79: New | B79: Item Acquired: 60.00K (2, 2)
A80: New | B80: Item Acquired: 60.00K (2, 20)
A81: New | B81: Item Acquired: 490.00K (6, 6)
A82: New | B82: Item Acquired: 100.00K (2, 1)
A83: New | B83: Item Acquired: 90.00K (3, 10)
A84: Line | B84: Prize Acquired : 570.00K (Stage : | C84: 3 | D84: ) - | E84: 570000
A85: Clear | B85: Clear Gem Acquired : 300 -> 400 (Stage | D85: : | E85: 3)
A86: New | B86: Item Acquired: 50.00K (1, 2)
A87: New | B87: Item Acquired: 30.00K (1, 7)
A88: New | B88: Item Acquired: 60.00K (2, 11)
A89: New | B89: Item Acquired: 70.00K (1, 16)
A90: New | B90: Item Acquired: 90.00K (3, 20)
A91: New | B91: Item Acquired: 70.00K (1, 25)
A92: New | B92: Item Acquired: 90.00K (3, 1)
A93: New | B93: Item Acquired: 500.00K (8, 18)
A94: New | B94: Item Acquired: 50.00K (1, 11)
A95: New | B95: Item Acquired: 150.00K (3, 24)
A96: New | B96: Item Acquired: 90.00K (3, 19)
A97: New | B97: Item Acquired: Mini (5, 19)
... A112: New | B112: Item Acquired: 140.00K (2, 17)
A113: Line | B113: Prize Acquired : 380.00K (Stage : | C113: 2 | D113: ) - | E113: 380000
A114: Clear | B114: Clear Gem Acquired : 400 -> 500 (Stage | D114: : | E114: 2)
A115: New | B115: Item Acquired: 30.00K (1, 5)
A116: New | B116: Item Acquired: 400.00K (7, 1)
A117: New | B117: Item Acquired: 60.00K (2, 5)
A118: New | B118: Item Acquired: 30.00K (1, 19)
A119: New | B119: Item Acquired: 350.00K (6, 23)
A120: New | B120: Item Acquired: 150.00K (3, 10)
A121: New | B121: Item Acquired: 150.00K (3, 15)
...

Sheet 1range, 6,7,8 X
A1: CONFIDENTIAL — Shared for portfolio review purposes only. All game content is the property of its respective studio.
D2: C1 | E2: C2 | F2: C3 | G2: C4 | H2: C5 | I2: C6 | J2: C7 | L2: Weight | N2: Level1 | T2: Level2 | Z2: Level3 | AF2: Level4 | AM2: Line Prize Won: 1.00M (Stage : 2) - 1000000 | AO2: Bingo Win | AP2: =COUNTIF($AM$1:$AM$182,"*") | AR2: Line Prize Won: 1.00M (Stage : 2) - 1000000 | AT2: Bingo Win | AU2: =COUNTIF($AM$1:$AM$182,"*")
A3: Spins | B3: 3000 | C3: 1500 | D3: 799 | E3: 1039 | F3: 1373 | G3: 2816 | H3: 6044 | I3: 10829 | J3: 9913 | L3: 150 | N3: 202 | O3: 202 | P3: 202 | Q3: 202 | R3: 202 | T3: 107 | U3: 107 | V3: 107 | W3: 107 | X3: 107 | Z3: 53 | AA3: 53 | AB3: 53 | AC3: 53 | AD3: 53 | AF3: 26 | AG3: 26 | AH3: 26 | AI3: 26 | AJ3: 26 | AM3: Line Prize Won: 1.29M (Stage : 3) - 1290000 | AO3: Made | AP3: =COUNTIF($AM$1:$AM$182,"Line*") | AR3: Line Prize Won: 1.29M (Stage : 3) - 1290000 | AT3: Made | AU3: =COUNTIF($AM$1:$AM$182,"Line*")
A4: Total Won | B4: 8572860000 | C4: 3006990000 | D4: 1210230000 | E4: 1617400000 | F4: 2782930000 | G4: 8152880000 | H4: 21332230000 | I4: 42576460000 | J4: 37204450000 | L4: 80 | N4: 202 | O4: 202 | P4: 202 | Q4: 202 | R4: 202 | T4: 107 | U4: 107 | V4: 107 | W4: 107 | X4: 107 | Z4: 53 | AA4: 53 | AB4: 53 | AC4: 53 | AD4: 53 | AF4: 26 | AG4: 26 | AH4: 26 | AI4: 26 | AJ4: 26 | AM4: Line Prize Won: 1.46M (Stage : 4) - 1460000 | AO4: Bingo/Made | AP4: =AP1/AP2 | AR4: Line Prize Won: 1.46M (Stage : 4) - 1460000 | AT4: Bingo/Made | AU4: =AU1/AU2
A5: Players | B5: 1000 | C5: 1000 | D5: 1000 | E5: 1000 | F5: 1000 | G5: 1000 | H5: 1000 | I5: 1000 | J5: 1000 | L5: 40 | N5: 202 | O5: 202 | Q5: 202 | R5: 202 | T5: 107 | U5: 107 | W5: 107 | X5: 107 | Z5: 53 | AA5: 53 | AC5: 53 | AD5: 53 | AF5: 26 | AG5: 26 | AI5: 26 | AJ5: 26 | AM5: Line Prize Won: 240.00K (Stage : 1) - 240000 | AO5: (Stage : 1) | AP5: =ROUND(COUNTIF(AM:AM,"*(Stage : 1)*")/2,0) | AR5: Line Prize Won: 240.00K (Stage : 1) - 240000 | AT5: (Stage : 1) | AU5: =ROUND(COUNTIF(AR:AR,"*(Stage : 1)*")/2,0)
A6: Days | B6: =B2/300 | C6: =C2/300 | D6: =D2/160 | E6: =E2/160 | F6: =F2/157 | G6: =G2/264 | H6: =H2/490 | I6: =I2/826 | J6: =J2/877 | L6: 20 | N6: 202 | O6: 202 | P6: 202 | Q6: 202 | R6: 202 | T6: 107 | U6: 107 | V6: 107 | W6: 107 | X6: 107 | Z6: 53 | AA6: 53 | AB6: 53 | AC6: 53 | AD6: 53 | AF6: 26 | AG6: 26 | AH6: 26 | AI6: 26 | AJ6: 26 | AM6: Line Prize Won: 260.00K (Stage : 1) - 260000 | AO6: (Stage : 2) | AP6: =ROUND(COUNTIF(AM:AM,"*(Stage : 2)*")/2,0) | AR6: Line Prize Won: 260.00K (Stage : 1) - 260000 | AT6: (Stage : 2) | AU6: =ROUND(COUNTIF(AR:AR,"*(Stage : 2)*")/2,0)
B7: =B3/B5 | C7: =C3/C5 | D7: =D3/D5 | E7: =E3/E5 | F7: =F3/F5 | G7: =G3/G5 | H7: =H3/H5 | I7: =I3/I5 | J7: =J3/J5 | L7: 10 | N7: 202 | O7: 202 | P7: 202 | Q7: 202 | R7: 202 | T7: 107 | U7: 107 | V7: 107 | W7: 107 | X7: 107 | Z7: 53 | AA7: 53 | AB7: 53 | AC7: 53 | AD7: 53 | AF7: 26 | AG7: 26 | AH7: 26 | AI7: 26 | AJ7: 26 | AM7: Line Prize Won: 310.00K (Stage : 1) - 310000 | AO7: (Stage : 3) | AP7: =ROUND(COUNTIF(AM:AM,"*(Stage : 3)*")/2,0) | AR7: Line Prize Won: 310.00K (Stage : 1) - 310000 | AT7: (Stage : 3) | AU7: =ROUND(COUNTIF(AR:AR,"*(Stage : 3)*")/2,0)
A8: Daily Gain | B8: =B6/B4 | C8: =C6/C4 | D8: =D6/D4 | E8: =E6/E4 | F8: =F6/F4 | G8: =G6/G4 | H8: =H6/H4 | I8: =I6/I4 | J8: =J6/J4 | L8: 5 | Q8: 312 | W8: 144 | AC8: 96 | AI8: 24 | AM8: Line Prize Won: 360.00K (Stage : 1) - 360000 | AO8: (Stage : 4) | AP8: =ROUND(COUNTIF(AM:AM,"*(Stage : 4)*")/2,0) | AR8: Line Prize Won: 360.00K (Stage : 1) - 360000 | AT8: (Stage : 4) | AU8: =ROUND(COUNTIF(AR:AR,"*(Stage : 4)*")/2,0)
A9: Min Bet | D9: 10000 | E9: 50000 | F9: 50000 | G9: 50000 | H9: 50000 | I9: 50000 | J9: 100000 | L9: 3 | N9: Level5 | T9: Level6 | Z9: Level7 | AF9: Level8 | AM9: Line Prize Won: 390.00K (Stage : 1) - 390000 | AO9: (Stage : 5) | AP9: =ROUND(COUNTIF(AM:AM,"*(Stage : 5)*")/2,0) | AR9: Line Prize Won: 390.00K (Stage : 1) - 390000 | AT9: (Stage : 5) | AU9: =ROUND(COUNTIF(AR:AR,"*(Stage : 5)*")/2,0)
A10: per RTP | D10: =D10/D8 | E10: =E10/E8 | F10: =F10/F8 | G10: =G10/G8 | H10: =H10/H8 | I10: =I10/I8 | J10: =J10/J8 | L10: 1 | N10: 13 | O10: 13 | P10: 13 | Q10: 13 | R10: 13 | T10: 6 | U10: 6 | V10: 6 | W10: 6 | X10: 6 | Z10: 4 | AA10: 4 | AB10: 4 | AC10: 4 | AD10: 4 | AF10: 1 | AG10: 1 | AH10: 1 | AI10: 1 | AJ10: 1 | AM10: Line Prize Won: 420.00K (Stage : 2) - 420000 | AO10: (Stage : 6) | AP10: =ROUND(COUNTIF(AM:AM,"*(Stage : 6)*")/2,0) | AR10: Line Prize Won: 420.00K (Stage : 2) - 420000 | AT10: (Stage : 6) | AU10: =ROUND(COUNTIF(AR:AR,"*(Stage : 6)*")/2,0)
A11: Per Spin | B11: =B3/(B2*B4) | C11: =C3/(C2*C4) | D11: =D3/(D2*D4) | E11: =E3/(E2*E4) | F11: =F3/(F2*F4) | G11: =G3/(G2*G4) | H11: =H3/(H2*H4) | I11: =I3/(I2*I4) | J11: =J3/(J2*J4) | L11: =SUM(L2:L9) | N11: 13 | O11: 13 | P11: 13 | Q11: 13 | R11: 13 | T11: 6 | U11: 6 | V11: 6 | W11: 6 | X11: 6 | Z11: 4 | AA11: 4 | AB11: 4 | AC11: 4 | AD11: 4 | AF11: 1 | AG11: 1 | AH11: 1 | AI11: 1 | AJ11: 1 | AM11: Line Prize Won: 460.00K (Stage : 1) - 460000 | AO11: (Stage : 7) | AP11: =ROUND(COUNTIF(AM:AM,"*(Stage : 7)*")/2,0) | AR11: Line Prize Won: 460.00K (Stage : 1) - 460000 | AT11: (Stage : 7) | AU11: =ROUND(COUNTIF(AR:AR,"*(Stage : 7)*")/2,0)
B12: =B3/B4 | C12: =C3/C4 | D12: =D3/D4 | E12: =E3/E4 | F12: =F3/F4 | G12: =G3/G4 | H12: =H3/H4 | I12: =I3/I4 | J12: =J3/J4 | N12: 13 | O12: 13 | Q12: 13 | R12: 13 | T12: 6 | U12: 6 | W12: 6 | X12: 6 | Z12: 4 | AA12: 4 | AC12: 4 | AD12: 4 | AF12: 1 | AG12: 1 | AI12: 1 | AJ12: 1 | AM12: Line Prize Won: 500.00K (Stage : 1) - 500000 | AO12: (Stage : 8) | AP12: =ROUND(COUNTIF(AM:AM,"*(Stage : 8)*")/2,0) | AR12: Line Prize Won: 500.00K (Stage : 1) - 500000 | AT12: (Stage : 8) | AU12: =ROUND(COUNTIF(AR:AR,"*(Stage : 8)*")/2,0)
D13: ='Control Panel'!C8 | E13: ='Control Panel'!D8 | F13: ='Control Panel'!E8 | G13: ='Control Panel'!F8 | H13: ='Control Panel'!G8 | I13: ='Control Panel'!H8 | J13: ='Control Panel'!I8 | N13: 13 | O13: 13 | P13: 13 | Q13: 13 | R13: 13 | T13: 6 | U13: 6 | V13: 6 | W13: 6 | X13: 6 | Z13: 4 | AA13: 4 | AB13: 4 | AC13: 4 | AD13: 4 | AF13: 1 | AG13: 1 | AH13: 1 | AI13: 1 | AJ13: 1 | AM13: New Item Acquired: 100.00K (1, 10) | AR13: New Item Acquired: 100.00K (1, 10)
E14: =E2/D2 | F14: =F2/D2 | G14: =G2/D2 | H14: =H2/D2 | I14: =I2/D2 | J14: =J2/D2 | N14: 13 | O14: 13 | P14: 13 | Q14: 13 | R14: 13 | T14: 6 | U14: 6 | V14: 6 | W14: 6 | X14: 6 | Z14: 4 | AA14: 4 | AB14: 4 | AC14: 4 | AD14: 4 | AF14: 1 | AG14: 1 | AH14: 1 | AI14: 1 | AJ14: 1 | AM14: New Item Acquired: 100.00K (1, 11) | AR14: New Item Acquired: 100.00K (1, 11)
E15: =E7/D7 | F15: =F7/D7 | G15: =G7/D7 | H15: =H7/D7 | I15: =I7/D7 | J15: =J7/D7 | AM15: New Item Acquired: 100.00K (1, 14) | AR15: New Item Acquired: 100.00K (1, 14)
E16: =E14/E13 | F16: =F14/F13 | G16: =G14/G13 | H16: =H14/H13 | I16: =I14/I13 | J16: =J14/J13 | AM16: New Item Acquired: 100.00K (1, 15) | AR16: New Item Acquired: 100.00K (1, 15)
AM17: New Item Acquired: 100.00K (1, 15) | AR17: New Item Acquired: 100.00K (1, 15)
F18: 16 | AM18: New Item Acquired: 100.00K (1, 17) | AR18: New Item Acquired: 100.00K (1, 17)
F19: =D11*D12+E11*E12+F11*F12+G11*G12+H11*H12+I11*I12+J11*J12 | AM19: New Item Acquired: 100.00K (1, 17) | AR19: New Item Acquired: 100.00K (1, 17)
F20: =F18/F17 | AM20: New Item Acquired: 100.00K (1, 19) | AR20: New Item Acquired: 100.00K (1, 19)
AM21: New Item Acquired: 100.00K (1, 2) | AR21: New Item Acquired: 100.00K (1, 2)
AM22: New Item Acquired: 100.00K (1, 20) | AR22: New Item Acquired: 100.00K (1, 20)
AM23: New Item Acquired: 100.00K (1, 22) | AR23: New Item Acquired: 100.00K (1, 22)
AM24: New Item Acquired: 100.00K (1, 22) | AR24: New Item Acquired: 100.00K (1, 22)
AM25: New Item Acquired: 100.00K (1, 23) | AR25: New Item Acquired: 100.00K (1, 23)
AM26: New Item Acquired: 100.00K (1, 25) | AR26: New Item Acquired: 100.00K (1, 25)
AM27: New Item Acquired: 100.00K (1, 25) | AR27: New Item Acquired: 100.00K (1, 25)
AM28: New Item Acquired: 100.00K (1, 3) | AR28: New Item Acquired: 100.00K (1, 3)
AM29: New Item Acquired: 100.00K (1, 5) | AR29: New Item Acquired: 100.00K (1, 5)
AM30: New Item Acquired: 100.00K (1, 6) | AR30: New Item Acquired: 100.00K (1, 6)
AM31: New Item Acquired: 100.00K (1, 7) | AR31: New Item Acquired: 100.00K (1, 7)
AM32: New Item Acquired: 100.00K (1, 7) | AR32: New Item Acquired: 100.00K (1, 7)
... AM203: Clear Gem Acquired : 900 -> 1000 (Stage : 1) | AR203: Clear Gem Acquired : 600 -> 700 (Stage : 1)
AR204: Clear Gem Acquired : 700 -> 800 (Stage : 4)
AR205: Clear Gem Acquired : 800 -> 900 (Stage : 1)
AR206: Clear Gem Acquired : 900 -> 1000 (Stage : 1)

Sheet 2range, Linear
A1: CONFIDENTIAL — Shared for portfolio review purposes only. All game content is the property of its respective studio.
D2: C1 | E2: C2 | F2: C3 | G2: C4 | H2: C5 | I2: C6 | J2: C7 | L2: Weight | N2: Level1 | T2: Level2 | Z2: Level3 | AF2: Level4 | AM2: Line Prize Won: 1.06M (Stage : 2) - 1060000 | AO2: Bingo Win | AP2: =COUNTIF($AM$1:$AM$500,"*") | AR2: Line Prize Won: 1.20M (Stage : 3) - 1200000 | AT2: Bingo Win | AU2: =COUNTIF($AR$1:$AR$500,"*")
A3: Spins | B3: 3000 | C3: 1500 | D3: 799 | E3: 1039 | F3: 1373 | G3: 2816 | H3: 6044 | I3: 10829 | J3: 9913 | L3: 80 | N3: 92 | O3: 92 | P3: 92 | Q3: 92 | R3: 92 | T3: 81 | U3: 81 | V3: 81 | W3: 81 | X3: 81 | Z3: 69 | AA3: 69 | AB3: 69 | AC3: 69 | AD3: 69 | AF3: 57 | AG3: 57 | AH3: 57 | AI3: 57 | AJ3: 57 | AM3: Line Prize Won: 1.29M (Stage : 3) - 1290000 | AO3: Made | AP3: =COUNTIF($AM$1:$AM$500,"Line*") | AR3: Line Prize Won: 1.44M (Stage : 3) - 1440000 | AT3: Made | AU3: =COUNTIF($AR$1:$AR$500,"Line*")
A4: Total Won | B4: 12874010000 | C4: 3380170000 | D4: 492420000 | E4: 1159310000 | F4: 2786000000 | G4: 11906740000 | H4: 33896350000 | I4: 69021980000 | J4: 61047950000 | L4: 70 | N4: 92 | O4: 92 | P4: 92 | Q4: 92 | R4: 92 | T4: 81 | U4: 81 | V4: 81 | W4: 81 | X4: 81 | Z4: 69 | AA4: 69 | AB4: 69 | AC4: 69 | AD4: 69 | AF4: 57 | AG4: 57 | AH4: 57 | AI4: 57 | AJ4: 57 | AM4: Line Prize Won: 1.49M (Stage : 4) - 1490000 | AO4: Bingo/Made | AP4: =AP1/AP2 | AR4: Line Prize Won: 1.56M (Stage : 6) - 1560000 | AT4: Bingo/Made | AU4: =AU1/AU2
A5: Players | B5: 1000 | C5: 1000 | D5: 1000 | E5: 1000 | F5: 1000 | G5: 1000 | H5: 1000 | I5: 1000 | J5: 1000 | L5: 60 | N5: 92 | O5: 92 | Q5: 92 | R5: 92 | T5: 81 | U5: 81 | W5: 81 | X5: 81 | Z5: 69 | AA5: 69 | AC5: 69 | AD5: 69 | AF5: 57 | AG5: 57 | AI5: 57 | AJ5: 57 | AM5: Line Prize Won: 2.07M (Stage : 4) - 2070000 | AO5: (Stage : 1) | AP5: =ROUND(COUNTIF(AM:AM,"*(Stage : 1)*")/2,0) | AR5: Line Prize Won: 230.00K (Stage : 1) - 230000 | AT5: (Stage : 1) | AU5: =ROUND(COUNTIF(AR:AR,"*(Stage : 1)*")/2,0)
A6: Days | B6: =B2/300 | C6: =C2/300 | D6: =D2/160 | E6: =E2/160 | F6: =F2/157 | G6: =G2/264 | H6: =H2/490 | I6: =I2/826 | J6: =J2/877 | L6: 50 | N6: 92 | O6: 92 | P6: 92 | Q6: 92 | R6: 92 | T6: 81 | U6: 81 | V6: 81 | W6: 81 | X6: 81 | Z6: 69 | AA6: 69 | AB6: 69 | AC6: 69 | AD6: 69 | AF6: 57 | AG6: 57 | AH6: 57 | AI6: 57 | AJ6: 57 | AM6: Line Prize Won: 2.15M (Stage : 5) - 2150000 | AO6: (Stage : 2) | AP6: =ROUND(COUNTIF(AM:AM,"*(Stage : 2)*")/2,0) | AR6: Line Prize Won: 3.65M (Stage : 5) - 3650000 | AT6: (Stage : 2) | AU6: =ROUND(COUNTIF(AR:AR,"*(Stage : 2)*")/2,0)
B7: =B3/B5 | C7: =C3/C5 | D7: =D3/D5 | E7: =E3/E5 | F7: =F3/F5 | G7: =G3/G5 | H7: =H3/H5 | I7: =I3/I5 | J7: =J3/J5 | L7: 40 | N7: 92 | O7: 92 | P7: 92 | Q7: 92 | R7: 92 | T7: 81 | U7: 81 | V7: 81 | W7: 81 | X7: 81 | Z7: 69 | AA7: 69 | AB7: 69 | AC7: 69 | AD7: 69 | AF7: 57 | AG7: 57 | AH7: 57 | AI7: 57 | AJ7: 57 | AM7: Line Prize Won: 2.76M (Stage : 6) - 2760000 | AO7: (Stage : 3) | AP7: =ROUND(COUNTIF(AM:AM,"*(Stage : 3)*")/2,0) | AR7: Line Prize Won: 690.00K (Stage : 4) - 690000 | AT7: (Stage : 3) | AU7: =ROUND(COUNTIF(AR:AR,"*(Stage : 3)*")/2,0)
A8: Daily Gain | B8: =B6/B4 | C8: =C6/C4 | D8: =D6/D4 | E8: =E6/E4 | F8: =F6/F4 | G8: =G6/G4 | H8: =H6/H4 | I8: =I6/I4 | J8: =J6/J4 | L8: 30 | AM8: Line Prize Won: 2.87M (Stage : 7) - 2870000 | AO8: (Stage : 4) | AP8: =ROUND(COUNTIF(AM:AM,"*(Stage : 4)*")/2,0) | AR8: Line Prize Won: 760.00K (Stage : 2) - 760000 | AT8: (Stage : 4) | AU8: =ROUND(COUNTIF(AR:AR,"*(Stage : 4)*")/2,0)
A9: Min Bet | D9: 50000 | E9: 100000 | F9: 150000 | G9: 150000 | H9: 250000 | I9: 333333 | J9: 7500000 | L9: 20 | N9: Level5 | T9: Level6 | Z9: Level7 | AF9: Level8 | AM9: Line Prize Won: 230.00K (Stage : 1) - 230000 | AO9: (Stage : 5) | AP9: =ROUND(COUNTIF(AM:AM,"*(Stage : 5)*")/2,0) | AR9: Line Prize Won: 820.00K (Stage : 2) - 820000 | AT9: (Stage : 5) | AU9: =ROUND(COUNTIF(AR:AR,"*(Stage : 5)*")/2,0)
A10: per RTP | D10: =D10/D8 | E10: =E10/E8 | F10: =F10/F8 | G10: =G10/G8 | H10: =H10/H8 | I10: =I10/I8 | J10: =J10/J8 | L10: 10 | N10: 46 | O10: 46 | P10: 46 | Q10: 46 | R10: 46 | T10: 34 | U10: 34 | V10: 34 | W10: 34 | X10: 34 | Z10: 23 | AA10: 23 | AB10: 23 | AC10: 23 | AD10: 23 | AF10: 11 | AG10: 11 | AH10: 11 | AI10: 11 | AJ10: 11 | AM10: Line Prize Won: 260.00K (Stage : 1) - 260000 | AO10: (Stage : 6) | AP10: =ROUND(COUNTIF(AM:AM,"*(Stage : 6)*")/2,0) | AR10: Line Prize Won: 960.00K (Stage : 1) - 960000 | AT10: (Stage : 6) | AU10: =ROUND(COUNTIF(AR:AR,"*(Stage : 6)*")/2,0)
A11: Per Spin | B11: =B3/(B2*B4) | C11: =C3/(C2*C4) | D11: =D3/(D2*D4) | E11: =E3/(E2*E4) | F11: =F3/(F2*F4) | G11: =G3/(G2*G4) | H11: =H3/(H2*H4) | I11: =I3/(I2*I4) | J11: =J3/(J2*J4) | L11: =SUM(L2:L9) | N11: 46 | O11: 46 | P11: 46 | Q11: 46 | R11: 46 | T11: 34 | U11: 34 | V11: 34 | W11: 34 | X11: 34 | Z11: 23 | AA11: 23 | AB11: 23 | AC11: 23 | AD11: 23 | AF11: 11 | AG11: 11 | AH11: 11 | AI11: 11 | AJ11: 11 | AM11: Line Prize Won: 380.00K (Stage : 2) - 380000 | AO11: (Stage : 7) | AP11: =ROUND(COUNTIF(AM:AM,"*(Stage : 7)*")/2,0) | AR11: New Item Acquired: 100.00K (1, 1) | AT11: (Stage : 7) | AU11: =ROUND(COUNTIF(AR:AR,"*(Stage : 7)*")/2,0)
B12: =B3/B4 | C12: =C3/C4 | D12: =D3/D4 | E12: =E3/E4 | F12: =F3/F4 | G12: =G3/G4 | H12: =H3/H4 | I12: =I3/I4 | J12: =J3/J4 | N12: 46 | O12: 46 | Q12: 46 | R12: 46 | T12: 34 | U12: 34 | W12: 34 | X12: 34 | Z12: 23 | AA12: 23 | AC12: 23 | AD12: 23 | AF12: 11 | AG12: 11 | AI12: 11 | AJ12: 11 | AM12: Line Prize Won: 510.00K (Stage : 3) - 510000 | AO12: (Stage : 8) | AP12: =ROUND(COUNTIF(AM:AM,"*(Stage : 8)*")/2,0) | AR12: New Item Acquired: 100.00K (1, 10) | AT12: (Stage : 8) | AU12: =ROUND(COUNTIF(AR:AR,"*(Stage : 8)*")/2,0)
D13: ='Control Panel'!C8 | E13: ='Control Panel'!D8 | F13: ='Control Panel'!E8 | G13: ='Control Panel'!F8 | H13: ='Control Panel'!G8 | I13: ='Control Panel'!H8 | J13: ='Control Panel'!I8 | N13: 46 | O13: 46 | P13: 46 | Q13: 46 | R13: 46 | T13: 34 | U13: 34 | V13: 34 | W13: 34 | X13: 34 | Z13: 23 | AA13: 23 | AB13: 23 | AC13: 23 | AD13: 23 | AF13: 11 | AG13: 11 | AH13: 11 | AI13: 11 | AJ13: 11 | AM13: New Item Acquired: 100.00K (1, 11) | AR13: New Item Acquired: 100.00K (1, 12)
E14: =E2/D2 | F14: =F2/D2 | G14: =G2/D2 | H14: =H2/D2 | I14: =I2/D2 | J14: =J2/D2 | N14: 46 | O14: 46 | P14: 46 | Q14: 46 | R14: 46 | T14: 34 | U14: 34 | V14: 34 | W14: 34 | X14: 34 | Z14: 23 | AA14: 23 | AB14: 23 | AC14: 23 | AD14: 23 | AF14: 11 | AG14: 11 | AH14: 11 | AI14: 11 | AJ14: 11 | AM14: New Item Acquired: 100.00K (1, 21) | AR14: New Item Acquired: 100.00K (1, 15)
E15: =E7/D7 | F15: =F7/D7 | G15: =G7/D7 | H15: =H7/D7 | I15: =I7/D7 | J15: =J7/D7 | AM15: New Item Acquired: 100.00K (1, 24) | AR15: New Item Acquired: 100.00K (1, 25)
E16: =E14/E13 | F16: =F14/F13 | G16: =G14/G13 | H16: =H14/H13 | I16: =I14/I13 | J16: =J14/J13 | AM16: New Item Acquired: 100.00K (1, 25) | AR16: New Item Acquired: 100.00K (2, 15)
AM17: New Item Acquired: 100.00K (1, 5) | AR17: New Item Acquired: 100.00K (2, 18)
F18: 16 | AM18: New Item Acquired: 100.00K (1, 8) | AR18: New Item Acquired: 100.00K (2, 2)
F19: =D11*D12+E11*E12+F11*F12+G11*G12+H11*H12+I11*I12+J11*J12 | AM19: New Item Acquired: 100.00K (2, 10) | AR19: New Item Acquired: 100.00K (2, 21)
F20: =F18/F17 | AM20: New Item Acquired: 100.00K (2, 14) | AR20: New Item Acquired: 100.00K (2, 22)
AM21: New Item Acquired: 100.00K (2, 15) | AR21: New Item Acquired: 100.00K (2, 23)
AM22: New Item Acquired: 100.00K (2, 15) | AR22: New Item Acquired: 100.00K (2, 23)
AM23: New Item Acquired: 100.00K (2, 18) | AR23: New Item Acquired: 100.00K (2, 25)
AM24: New Item Acquired: 100.00K (2, 20) | AR24: New Item Acquired: 100.00K (2, 25)
AM25: New Item Acquired: 100.00K (2, 21) | AR25: New Item Acquired: 100.00K (2, 4)
AM26: New Item Acquired: 100.00K (2, 3) | AR26: New Item Acquired: 100.00K (2, 6)
AM27: New Item Acquired: 100.00K (2, 4) | AR27: New Item Acquired: 120.00K (4, 10)
AM28: New Item Acquired: 100.00K (2, 7) | AR28: New Item Acquired: 120.00K (4, 11)
AM29: New Item Acquired: 100.00K (2, 8) | AR29: New Item Acquired: 120.00K (4, 15)
AM30: New Item Acquired: 120.00K (4, 1) | AR30: New Item Acquired: 120.00K (4, 16)
AM31: New Item Acquired: 120.00K (4, 10) | AR31: New Item Acquired: 120.00K (4, 23)
AM32: New Item Acquired: 120.00K (4, 16) | AR32: New Item Acquired: 120.00K (4, 24)
... AM194: Clear Gem Acquired : 1000 -> 1100 (Stage : 1) | AR194: Clear Gem Acquired : 800 -> 900 (Stage : 1)
AM195: Clear Gem Acquired : 200 -> 300 (Stage : 4)
AM196: Clear Gem Acquired : 300 -> 400 (Stage : 5)
AM197: Clear Gem Acquired : 400 -> 500 (Stage : 1)
AM198: Clear Gem Acquired : 500 -> 600 (Stage : 3)
AM199: Clear Gem Acquired : 600 -> 700 (Stage : 4)
AM200: Clear Gem Acquired : 700 -> 800 (Stage : 2)
AM201: Clear Gem Acquired : 800 -> 900 (Stage : 6)
AM202: Clear Gem Acquired : 900 -> 1000 (Stage : 7)

Sheet 3range, half-some
A1: CONFIDENTIAL — Shared for portfolio review purposes only. All game content is the property of its respective studio.
D2: C1 | E2: C2 | F2: C3 | G2: C4 | H2: C5 | I2: C6 | J2: C7 | L2: Weight | N2: Level1 | T2: Level2 | Z2: Level3 | AF2: Level4 | AM2: Line Prize Won: 1.05M (Stage : 3) - 1050000 | AO2: Bingo Win | AP2: =COUNTIF($AM$1:$AM$500,"*") | AR2: Line Prize Won: 1.36M (Stage : 8) - 1360000 | AT2: Bingo Win | AU2: =COUNTIF($AR$1:$AR$500,"*")
A3: Spins | B3: 3000 | C3: 1500 | D3: 799 | E3: 1039 | F3: 1373 | G3: 2816 | H3: 6044 | I3: 10829 | J3: 9913 | L3: 14 | N3: 77 | O3: 77 | P3: 77 | Q3: 77 | R3: 77 | T3: 55 | U3: 55 | V3: 55 | W3: 55 | X3: 55 | Z3: 55 | AA3: 55 | AB3: 55 | AC3: 55 | AD3: 55 | AF3: 55 | AG3: 55 | AH3: 55 | AI3: 55 | AJ3: 55 | AM3: Line Prize Won: 1.05M (Stage : 5) - 1050000 | AO3: Made | AP3: =COUNTIF($AM$1:$AM$500,"Line*") | AR3: Line Prize Won: 1.41M (Stage : 1) - 1410000 | AT3: Made | AU3: =COUNTIF($AR$1:$AR$500,"Line*")
A4: Total Won | B4: 16522540000 | C4: 3195370000 | D4: 308840000 | E4: 924590000 | F4: 2460130000 | G4: 14595610000 | H4: 42230350000 | I4: 82688210000 | J4: 74820530000 | L4: 10 | N4: 77 | O4: 77 | P4: 77 | Q4: 77 | R4: 77 | T4: 55 | U4: 55 | V4: 55 | W4: 55 | X4: 55 | Z4: 55 | AA4: 55 | AB4: 55 | AC4: 55 | AD4: 55 | AF4: 55 | AG4: 55 | AH4: 55 | AI4: 55 | AJ4: 55 | AM4: Line Prize Won: 1.20M (Stage : 3) - 1200000 | AO4: Bingo/Made | AP4: =AP1/AP2 | AR4: Line Prize Won: 1.52M (Stage : 4) - 1520000 | AT4: Bingo/Made | AU4: =AU1/AU2
A5: Players | B5: 1000 | C5: 1000 | D5: 1000 | E5: 1000 | F5: 1000 | G5: 1000 | H5: 1000 | I5: 1000 | J5: 1000 | L5: 10 | N5: 77 | O5: 77 | Q5: 77 | R5: 77 | T5: 55 | U5: 55 | W5: 55 | X5: 55 | Z5: 55 | AA5: 55 | AC5: 55 | AD5: 55 | AF5: 55 | AG5: 55 | AI5: 55 | AJ5: 55 | AM5: Line Prize Won: 2.38M (Stage : 7) - 2380000 | AO5: (Stage : 1) | AP5: =ROUND(COUNTIF(AM:AM,"*(Stage : 1)*")/2,0) | AR5: Line Prize Won: 1.53M (Stage : 3) - 1530000 | AT5: (Stage : 1) | AU5: =ROUND(COUNTIF(AR:AR,"*(Stage : 1)*")/2,0)
A6: Days | B6: =B2/300 | C6: =C2/300 | D6: =D2/160 | E6: =E2/160 | F6: =F2/157 | G6: =G2/264 | H6: =H2/490 | I6: =I2/826 | J6: =J2/877 | L6: 10 | N6: 77 | O6: 77 | P6: 77 | Q6: 77 | R6: 77 | T6: 55 | U6: 55 | V6: 55 | W6: 55 | X6: 55 | Z6: 55 | AA6: 55 | AB6: 55 | AC6: 55 | AD6: 55 | AF6: 55 | AG6: 55 | AH6: 55 | AI6: 55 | AJ6: 55 | AM6: Line Prize Won: 330.00K (Stage : 1) - 330000 | AO6: (Stage : 2) | AP6: =ROUND(COUNTIF(AM:AM,"*(Stage : 2)*")/2,0) | AR6: Line Prize Won: 1.82M (Stage : 7) - 1820000 | AT6: (Stage : 2) | AU6: =ROUND(COUNTIF(AR:AR,"*(Stage : 2)*")/2,0)
B7: =B3/B5 | C7: =C3/C5 | D7: =D3/D5 | E7: =E3/E5 | F7: =F3/F5 | G7: =G3/G5 | H7: =H3/H5 | I7: =I3/I5 | J7: =J3/J5 | L7: 10 | N7: 77 | O7: 77 | P7: 77 | Q7: 77 | R7: 77 | T7: 55 | U7: 55 | V7: 55 | W7: 55 | X7: 55 | Z7: 55 | AA7: 55 | AB7: 55 | AC7: 55 | AD7: 55 | AF7: 55 | AG7: 55 | AH7: 55 | AI7: 55 | AJ7: 55 | AM7: Line Prize Won: 410.00K (Stage : 1) - 410000 | AO7: (Stage : 3) | AP7: =ROUND(COUNTIF(AM:AM,"*(Stage : 3)*")/2,0) | AR7: Line Prize Won: 3.30M (Stage : 5) - 3300000 | AT7: (Stage : 3) | AU7: =ROUND(COUNTIF(AR:AR,"*(Stage : 3)*")/2,0)
A8: Daily Gain | B8: =B6/B4 | C8: =C6/C4 | D8: =D6/D4 | E8: =E6/E4 | F8: =F6/F4 | G8: =G6/G4 | H8: =H6/H4 | I8: =I6/I4 | J8: =J6/J4 | L8: 7 | Q8: 1320 | W8: 912 | AC8: 912 | AI8: 912 | AM8: Line Prize Won: 580.00K (Stage : 1) - 580000 | AO8: (Stage : 4) | AP8: =ROUND(COUNTIF(AM:AM,"*(Stage : 4)*")/2,0) | AR8: Line Prize Won: 360.00K (Stage : 1) - 360000 | AT8: (Stage : 4) | AU8: =ROUND(COUNTIF(AR:AR,"*(Stage : 4)*")/2,0)
A9: Min Bet | D9: 150000 | E9: 250000 | F9: 400000 | G9: 600000 | H9: 500000 | I9: 1000000 | J9: 5000000 | L9: 7 | N9: Level5 | T9: Level6 | Z9: Level7 | AF9: Level8 | AM9: Line Prize Won: 720.00K (Stage : 2) - 720000 | AO9: (Stage : 5) | AP9: =ROUND(COUNTIF(AM:AM,"*(Stage : 5)*")/2,0) | AR9: Line Prize Won: 380.00K (Stage : 2) - 380000 | AT9: (Stage : 5) | AU9: =ROUND(COUNTIF(AR:AR,"*(Stage : 5)*")/2,0)
A10: per RTP | D10: =D10/D8 | E10: =E10/E8 | F10: =F10/F8 | G10: =G10/G8 | H10: =H10/H8 | I10: =I10/I8 | J10: =J10/J8 | L10: 7 | N10: 55 | O10: 55 | P10: 55 | Q10: 55 | R10: 55 | T10: 38 | U10: 38 | V10: 38 | W10: 38 | X10: 38 | Z10: 38 | AA10: 38 | AB10: 38 | AC10: 38 | AD10: 38 | AF10: 38 | AG10: 38 | AH10: 38 | AI10: 38 | AJ10: 38 | AM10: Line Prize Won: 990.00K (Stage : 4) - 990000 | AO10: (Stage : 6) | AP10: =ROUND(COUNTIF(AM:AM,"*(Stage : 6)*")/2,0) | AR10: Line Prize Won: 480.00K (Stage : 1) - 480000 | AT10: (Stage : 6) | AU10: =ROUND(COUNTIF(AR:AR,"*(Stage : 6)*")/2,0)
A11: Per Spin | B11: =B3/(B2*B4) | C11: =C3/(C2*C4) | D11: =D3/(D2*D4) | E11: =E3/(E2*E4) | F11: =F3/(F2*F4) | G11: =G3/(G2*G4) | H11: =H3/(H2*H4) | I11: =I3/(I2*I4) | J11: =J3/(J2*J4) | L11: =SUM(L2:L9) | N11: 55 | O11: 55 | P11: 55 | Q11: 55 | R11: 55 | T11: 38 | U11: 38 | V11: 38 | W11: 38 | X11: 38 | Z11: 38 | AA11: 38 | AB11: 38 | AC11: 38 | AD11: 38 | AF11: 38 | AG11: 38 | AH11: 38 | AI11: 38 | AJ11: 38 | AM11: New Item Acquired: 100.00K (1, 11) | AO11: (Stage : 7) | AP11: =ROUND(COUNTIF(AM:AM,"*(Stage : 7)*")/2,0) | AR11: Line Prize Won: 780.00K (Stage : 3) - 780000 | AT11: (Stage : 7) | AU11: =ROUND(COUNTIF(AR:AR,"*(Stage : 7)*")/2,0)
B12: =B3/B4 | C12: =C3/C4 | D12: =D3/D4 | E12: =E3/E4 | F12: =F3/F4 | G12: =G3/G4 | H12: =H3/H4 | I12: =I3/I4 | J12: =J3/J4 | N12: 55 | O12: 55 | Q12: 55 | R12: 55 | T12: 38 | U12: 38 | W12: 38 | X12: 38 | Z12: 38 | AA12: 38 | AC12: 38 | AD12: 38 | AF12: 38 | AG12: 38 | AI12: 38 | AJ12: 38 | AM12: New Item Acquired: 100.00K (1, 18) | AO12: (Stage : 8) | AP12: =ROUND(COUNTIF(AM:AM,"*(Stage : 8)*")/2,0) | AR12: New Item Acquired: 100.00K (1, 1) | AT12: (Stage : 8) | AU12: =ROUND(COUNTIF(AR:AR,"*(Stage : 8)*")/2,0)
D13: ='Control Panel'!C8 | E13: ='Control Panel'!D8 | F13: ='Control Panel'!E8 | G13: ='Control Panel'!F8 | H13: ='Control Panel'!G8 | I13: ='Control Panel'!H8 | J13: ='Control Panel'!I8 | N13: 55 | O13: 55 | P13: 55 | Q13: 55 | R13: 55 | T13: 38 | U13: 38 | V13: 38 | W13: 38 | X13: 38 | Z13: 38 | AA13: 38 | AB13: 38 | AC13: 38 | AD13: 38 | AF13: 38 | AG13: 38 | AH13: 38 | AI13: 38 | AJ13: 38 | AM13: New Item Acquired: 100.00K (1, 20) | AO13: 8710000 | AP13: 10 | AR13: New Item Acquired: 100.00K (1, 10) | AT13: 12940000 | AU13: 10
E14: =E2/D2 | F14: =F2/D2 | G14: =G2/D2 | H14: =H2/D2 | I14: =I2/D2 | J14: =J2/D2 | N14: 55 | O14: 55 | P14: 55 | Q14: 55 | R14: 55 | T14: 38 | U14: 38 | V14: 38 | W14: 38 | X14: 38 | Z14: 38 | AA14: 38 | AB14: 38 | AC14: 38 | AD14: 38 | AF14: 38 | AG14: 38 | AH14: 38 | AI14: 38 | AJ14: 38 | AM14: New Item Acquired: 100.00K (1, 22) | AO14: 3000 | AP14: =AO12/AP12 | AR14: New Item Acquired: 100.00K (1, 17) | AT14: 3000 | AU14: =AT12/AU12
E15: =E7/D7 | F15: =F7/D7 | G15: =G7/D7 | H15: =H7/D7 | I15: =I7/D7 | J15: =J7/D7 | AM15: New Item Acquired: 100.00K (1, 23) | AR15: New Item Acquired: 100.00K (1, 18)
E16: =E14/E13 | F16: =F14/F13 | G16: =G14/G13 | H16: =H14/H13 | I16: =I14/I13 | J16: =J14/J13 | AM16: New Item Acquired: 100.00K (1, 25) | AO16: =AO12/AO13 | AR16: New Item Acquired: 100.00K (1, 23) | AT16: =AT12/AT13
AM17: New Item Acquired: 100.00K (1, 6) | AR17: New Item Acquired: 100.00K (1, 23)
F18: 16 | AM18: New Item Acquired: 100.00K (1, 7) | AR18: New Item Acquired: 100.00K (1, 4)
F19: =D11*D12+E11*E12+F11*F12+G11*G12+H11*H12+I11*I12+J11*J12 | AM19: New Item Acquired: 100.00K (2, 11) | AR19: New Item Acquired: 100.00K (1, 5)
F20: =F18/F17 | AM20: New Item Acquired: 100.00K (2, 12) | AR20: New Item Acquired: 100.00K (2, 10)
AM21: New Item Acquired: 100.00K (2, 15) | AR21: New Item Acquired: 100.00K (2, 15)
AM22: New Item Acquired: 100.00K (2, 16) | AR22: New Item Acquired: 100.00K (2, 17)
AM23: New Item Acquired: 100.00K (2, 2) | AR23: New Item Acquired: 100.00K (2, 19)
AM24: New Item Acquired: 100.00K (2, 20) | AR24: New Item Acquired: 100.00K (2, 21)
AM25: New Item Acquired: 100.00K (2, 24) | AR25: New Item Acquired: 100.00K (2, 22)
AM26: New Item Acquired: 100.00K (2, 25) | AR26: New Item Acquired: 120.00K (4, 10)
AM27: New Item Acquired: 100.00K (2, 3) | AR27: New Item Acquired: 120.00K (4, 11)
AM28: New Item Acquired: 100.00K (2, 9) | AR28: New Item Acquired: 120.00K (4, 12)
AM29: New Item Acquired: 120.00K (4, 15) | AR29: New Item Acquired: 120.00K (4, 12)
AM30: New Item Acquired: 120.00K (4, 16) | AR30: New Item Acquired: 120.00K (4, 15)
AM31: New Item Acquired: 120.00K (4, 18) | AR31: New Item Acquired: 120.00K (4, 19)
AM32: New Item Acquired: 120.00K (4, 20) | AR32: New Item Acquired: 120.00K (4, 2)
... AM197: Clear Gem Acquired : 800 -> 900 (Stage : 1) | AR197: New Item Acquired: Mini (3, 4)
AR198: New Item Acquired: Mini (4, 5)
AR199: New Item Acquired: Mini (4, 9)
AR200: New Item Acquired: Mini (5, 3)
AR201: New Item Acquired: Mini (8, 19)
AR202: New Item Acquired: Mini (8, 21)
AR203: New Item Acquired: Minor (1, 9)
AR204: New Item Acquired: Minor (2, 11)
AR205: New Item Acquired: Minor (5, 14)
AR206: New Item Acquired: Minor (5, 15)
AR207: New Item Acquired: Minor (5, 8)
AR208: New Item Acquired: Minor (6, 25)
AR209: New Item Acquired: Minor (8, 11)
... AR222: Clear Gem Acquired : 800 -> 900 (Stage : 1)

Sheet 4range, 5,6,7
A1: CONFIDENTIAL — Shared for portfolio review purposes only. All game content is the property of its respective studio.
D2: C1 | E2: C2 | F2: C3 | G2: C4 | H2: C5 | I2: C6 | J2: C7 | L2: Weight | N2: Level1 | T2: Level2 | Z2: Level3 | AF2: Level4 | AM2: Line Prize Won: 1.20M (Stage : 5) - 1200000 | AO2: Bingo Win | AP2: =COUNTIF($AM$1:$AM$500,"*") | AR2: Line Prize Won: 1.36M (Stage : 8) - 1360000 | AT2: Bingo Win | AU2: =COUNTIF($AR$1:$AR$500,"*")
A3: Spins | B3: 3000 | C3: 1500 | D3: 799 | E3: 1039 | F3: 1373 | G3: 2816 | H3: 6044 | I3: 10829 | J3: 9913 | L3: 1 | N3: 7 | O3: 7 | P3: 7 | Q3: 7 | R3: 7 | T3: 14 | U3: 14 | V3: 14 | W3: 14 | X3: 14 | Z3: 14 | AA3: 14 | AB3: 14 | AC3: 14 | AD3: 14 | AF3: 21 | AG3: 21 | AH3: 21 | AI3: 21 | AJ3: 21 | AM3: Line Prize Won: 1.26M (Stage : 6) - 1260000 | AO3: Made | AP3: =COUNTIF($AM$1:$AM$500,"Line*") | AR3: Line Prize Won: 1.40M (Stage : 5) - 1400000 | AT3: Made | AU3: =COUNTIF($AR$1:$AR$500,"Line*")
A4: Total Won | B4: 27632020000 | C4: 10158820000 | D4: 2114770000 | E4: 4591350000 | F4: 8792610000 | G4: 25436050000 | H4: 63918160000 | I4: 120701110000 | J4: 108974030000 | L4: 2 | N4: 7 | O4: 7 | P4: 7 | Q4: 7 | R4: 7 | T4: 14 | U4: 14 | V4: 14 | W4: 14 | X4: 14 | Z4: 14 | AA4: 14 | AB4: 14 | AC4: 14 | AD4: 14 | AF4: 21 | AG4: 21 | AH4: 21 | AI4: 21 | AJ4: 21 | AM4: Line Prize Won: 1.36M (Stage : 8) - 1360000 | AO4: Bingo/Made | AP4: =AP1/AP2 | AR4: Line Prize Won: 1.61M (Stage : 7) - 1610000 | AT4: Bingo/Made | AU4: =AU1/AU2
A5: Players | B5: 1000 | C5: 1000 | D5: 1000 | E5: 1000 | F5: 1000 | G5: 1000 | H5: 1000 | I5: 1000 | J5: 1000 | L5: 2 | N5: 7 | O5: 7 | Q5: 7 | R5: 7 | T5: 14 | U5: 14 | W5: 14 | X5: 14 | Z5: 14 | AA5: 14 | AC5: 14 | AD5: 14 | AF5: 21 | AG5: 21 | AI5: 21 | AJ5: 21 | AM5: Line Prize Won: 1.38M (Stage : 6) - 1380000 | AO5: (Stage : 1) | AP5: =ROUND(COUNTIF(AM:AM,"*(Stage : 1)*")/2,0) | AR5: Line Prize Won: 2.16M (Stage : 6) - 2160000 | AT5: (Stage : 1) | AU5: =ROUND(COUNTIF(AR:AR,"*(Stage : 1)*")/2,0)
A6: Days | B6: =B2/300 | C6: =C2/300 | D6: =D2/160 | E6: =E2/160 | F6: =F2/157 | G6: =G2/264 | H6: =H2/490 | I6: =I2/826 | J6: =J2/877 | L6: 3 | N6: 7 | O6: 7 | P6: 7 | Q6: 7 | R6: 7 | T6: 14 | U6: 14 | V6: 14 | W6: 14 | X6: 14 | Z6: 14 | AA6: 14 | AB6: 14 | AC6: 14 | AD6: 14 | AF6: 21 | AG6: 21 | AH6: 21 | AI6: 21 | AJ6: 21 | AM6: Line Prize Won: 1.60M (Stage : 5) - 1600000 | AO6: (Stage : 2) | AP6: =ROUND(COUNTIF(AM:AM,"*(Stage : 2)*")/2,0) | AR6: Line Prize Won: 2.25M (Stage : 5) - 2250000 | AT6: (Stage : 2) | AU6: =ROUND(COUNTIF(AR:AR,"*(Stage : 2)*")/2,0)
B7: =B3/B5 | C7: =C3/C5 | D7: =D3/D5 | E7: =E3/E5 | F7: =F3/F5 | G7: =G3/G5 | H7: =H3/H5 | I7: =I3/I5 | J7: =J3/J5 | L7: 15 | N7: 7 | O7: 7 | P7: 7 | Q7: 7 | R7: 7 | T7: 14 | U7: 14 | V7: 14 | W7: 14 | X7: 14 | Z7: 14 | AA7: 14 | AB7: 14 | AC7: 14 | AD7: 14 | AF7: 21 | AG7: 21 | AH7: 21 | AI7: 21 | AJ7: 21 | AM7: Line Prize Won: 1.90M (Stage : 5) - 1900000 | AO7: (Stage : 3) | AP7: =ROUND(COUNTIF(AM:AM,"*(Stage : 3)*")/2,0) | AR7: Line Prize Won: 2.30M (Stage : 5) - 2300000 | AT7: (Stage : 3) | AU7: =ROUND(COUNTIF(AR:AR,"*(Stage : 3)*")/2,0)
A8: Daily Gain | B8: =B6/B4 | C8: =C6/C4 | D8: =D6/D4 | E8: =E6/E4 | F8: =F6/F4 | G8: =G6/G4 | H8: =H6/H4 | I8: =I6/I4 | J8: =J6/J4 | L8: 15 | Q8: 2568 | W8: 2568 | AC8: 1704 | AI8: 1704 | AM8: Line Prize Won: 1.90M (Stage : 5) - 1900000 | AO8: (Stage : 4) | AP8: =ROUND(COUNTIF(AM:AM,"*(Stage : 4)*")/2,0) | AR8: Line Prize Won: 2.90M (Stage : 5) - 2900000 | AT8: (Stage : 4) | AU8: =ROUND(COUNTIF(AR:AR,"*(Stage : 4)*")/2,0)
A9: Min Bet | D9: 100000 | E9: 200000 | F9: 300000 | G9: 300000 | H9: 500000 | I9: 1000000 | J9: 5000000 | L9: 10 | N9: Level5 | T9: Level6 | Z9: Level7 | AF9: Level8 | AM9: Line Prize Won: 2.28M (Stage : 6) - 2280000 | AO9: (Stage : 5) | AP9: =ROUND(COUNTIF(AM:AM,"*(Stage : 5)*")/2,0) | AR9: Line Prize Won: 3.04M (Stage : 8) - 3040000 | AT9: (Stage : 5) | AU9: =ROUND(COUNTIF(AR:AR,"*(Stage : 5)*")/2,0)
A10: per RTP | D10: =D10/D8 | E10: =E10/E8 | F10: =F10/F8 | G10: =G10/G8 | H10: =H10/H8 | I10: =I10/I8 | J10: =J10/J8 | L10: 10 | N10: 107 | O10: 107 | P10: 107 | Q10: 107 | R10: 107 | T10: 107 | U10: 107 | V10: 107 | W10: 107 | X10: 107 | Z10: 71 | AA10: 71 | AB10: 71 | AC10: 71 | AD10: 71 | AF10: 71 | AG10: 71 | AH10: 71 | AI10: 71 | AJ10: 71 | AM10: Line Prize Won: 2.58M (Stage : 6) - 2580000 | AO10: (Stage : 6) | AP10: =ROUND(COUNTIF(AM:AM,"*(Stage : 6)*")/2,0) | AR10: Line Prize Won: 3.78M (Stage : 6) - 3780000 | AT10: (Stage : 6) | AU10: =ROUND(COUNTIF(AR:AR,"*(Stage : 6)*")/2,0)
A11: Per Spin | B11: =B3/(B2*B4) | C11: =C3/(C2*C4) | D11: =D3/(D2*D4) | E11: =E3/(E2*E4) | F11: =F3/(F2*F4) | G11: =G3/(G2*G4) | H11: =H3/(H2*H4) | I11: =I3/(I2*I4) | J11: =J3/(J2*J4) | L11: =SUM(L2:L9) | N11: 107 | O11: 107 | P11: 107 | Q11: 107 | R11: 107 | T11: 107 | U11: 107 | V11: 107 | W11: 107 | X11: 107 | Z11: 71 | AA11: 71 | AB11: 71 | AC11: 71 | AD11: 71 | AF11: 71 | AG11: 71 | AH11: 71 | AI11: 71 | AJ11: 71 | AM11: Line Prize Won: 2.87M (Stage : 7) - 2870000 | AO11: (Stage : 7) | AP11: =ROUND(COUNTIF(AM:AM,"*(Stage : 7)*")/2,0) | AR11: Line Prize Won: 7.90M (Stage : 5) - 7900000 | AT11: (Stage : 7) | AU11: =ROUND(COUNTIF(AR:AR,"*(Stage : 7)*")/2,0)
B12: =B3/B4 | C12: =C3/C4 | D12: =D3/D4 | E12: =E3/E4 | F12: =F3/F4 | G12: =G3/G4 | H12: =H3/H4 | I12: =I3/I4 | J12: =J3/J4 | N12: 107 | O12: 107 | Q12: 107 | R12: 107 | T12: 107 | U12: 107 | W12: 107 | X12: 107 | Z12: 71 | AA12: 71 | AC12: 71 | AD12: 71 | AF12: 71 | AG12: 71 | AI12: 71 | AJ12: 71 | AM12: Line Prize Won: 3.15M (Stage : 5) - 3150000 | AO12: (Stage : 8) | AP12: =ROUND(COUNTIF(AM:AM,"*(Stage : 8)*")/2,0) | AR12: Line Prize Won: 960.00K (Stage : 3) - 960000 | AT12: (Stage : 8) | AU12: =ROUND(COUNTIF(AR:AR,"*(Stage : 8)*")/2,0)
D13: ='Control Panel'!C8 | E13: ='Control Panel'!D8 | F13: ='Control Panel'!E8 | G13: ='Control Panel'!F8 | H13: ='Control Panel'!G8 | I13: ='Control Panel'!H8 | J13: ='Control Panel'!I8 | N13: 107 | O13: 107 | P13: 107 | Q13: 107 | R13: 107 | T13: 107 | U13: 107 | V13: 107 | W13: 107 | X13: 107 | Z13: 71 | AA13: 71 | AB13: 71 | AC13: 71 | AD13: 71 | AF13: 71 | AG13: 71 | AH13: 71 | AI13: 71 | AJ13: 71 | AM13: Line Prize Won: 4.27M (Stage : 7) - 4270000 | AO13: 31590000 | AP13: 10 | AR13: New Item Acquired: 100.00K (2, 16) | AT13: 29660000 | AU13: 10
E14: =E2/D2 | F14: =F2/D2 | G14: =G2/D2 | H14: =H2/D2 | I14: =I2/D2 | J14: =J2/D2 | N14: 107 | O14: 107 | P14: 107 | Q14: 107 | R14: 107 | T14: 107 | U14: 107 | V14: 107 | W14: 107 | X14: 107 | Z14: 71 | AA14: 71 | AB14: 71 | AC14: 71 | AD14: 71 | AF14: 71 | AG14: 71 | AH14: 71 | AI14: 71 | AJ14: 71 | AM14: Line Prize Won: 5.84M (Stage : 8) - 5840000 | AO14: 3000 | AP14: =AO12/AP12 | AR14: New Item Acquired: 100.00K (2, 19) | AT14: 3000 | AU14: =AT12/AU12
E15: =E7/D7 | F15: =F7/D7 | G15: =G7/D7 | H15: =H7/D7 | I15: =I7/D7 | J15: =J7/D7 | AM15: New Item Acquired: 100.00K (1, 23) | AR15: New Item Acquired: 100.00K (2, 7)
E16: =E14/E13 | F16: =F14/F13 | G16: =G14/G13 | H16: =H14/H13 | I16: =I14/I13 | J16: =J14/J13 | AM16: New Item Acquired: 100.00K (1, 7) | AO16: =AO12/AO13 | AR16: New Item Acquired: 120.00K (4, 16) | AT16: =AT12/AT13
AM17: New Item Acquired: 100.00K (2, 18) | AR17: New Item Acquired: 120.00K (4, 3)
F18: 16 | AM18: New Item Acquired: 120.00K (4, 11) | AR18: New Item Acquired: 150.00K (3, 14)
F19: =D11*D12+E11*E12+F11*F12+G11*G12+H11*H12+I11*I12+J11*J12 | AM19: New Item Acquired: 120.00K (4, 17) | AR19: New Item Acquired: 150.00K (3, 4)
F20: =F18/F17 | AM20: New Item Acquired: 150.00K (3, 1) | AR20: New Item Acquired: 150.00K (3, 7)
AM21: New Item Acquired: 150.00K (3, 15) | AR21: New Item Acquired: 150.00K (4, 10)
AM22: New Item Acquired: 150.00K (3, 18) | AR22: New Item Acquired: 150.00K (4, 20)
AM23: New Item Acquired: 150.00K (3, 25) | AR23: New Item Acquired: 150.00K (5, 11)
AM24: New Item Acquired: 150.00K (3, 3) | AR24: New Item Acquired: 150.00K (5, 11)
AM25: New Item Acquired: 150.00K (3, 9) | AR25: New Item Acquired: 150.00K (5, 12)
AM26: New Item Acquired: 150.00K (4, 20) | AR26: New Item Acquired: 150.00K (5, 16)
AM27: New Item Acquired: 150.00K (4, 22) | AR27: New Item Acquired: 150.00K (5, 16)
AM28: New Item Acquired: 150.00K (4, 23) | AR28: New Item Acquired: 150.00K (5, 17)
AM29: New Item Acquired: 150.00K (4, 4) | AR29: New Item Acquired: 150.00K (5, 18)
AM30: New Item Acquired: 150.00K (5, 1) | AR30: New Item Acquired: 150.00K (5, 19)
AM31: New Item Acquired: 150.00K (5, 1) | AR31: New Item Acquired: 150.00K (5, 22)
AM32: New Item Acquired: 150.00K (5, 10) | AR32: New Item Acquired: 150.00K (5, 23)
... AM206: New Item Acquired: Mini (6, 6) | AR206: Clear Gem Acquired : 900 -> 1000 (Stage : 5)
AM207: New Item Acquired: Mini (8, 1)
AM208: New Item Acquired: Mini (8, 25)
AM209: New Item Acquired: Mini (8, 6)
AM210: New Item Acquired: Minor (3, 12)
AM211: New Item Acquired: Minor (5, 21)
AM212: New Item Acquired: Minor (7, 8)
AM213: Item ReSelect Failed : Attempts - 3
AM214: Item ReSelect Failed : Attempts - 3
AM215: Item ReSelect Failed : Attempts - 3
AM216: Item ReSelect Failed : Attempts - 3
AM217: Clear Gem Acquired : 0 -> 100 (Stage : 5)
AM218: Clear Gem Acquired : 100 -> 200 (Stage : 6)
... AM228: Clear Gem Acquired : 900 -> 1000 (Stage : 8)

Sheet 5range, 1,2,3 X
A1: CONFIDENTIAL — Shared for portfolio review purposes only. All game content is the property of its respective studio.
D2: C1 | E2: C2 | F2: C3 | G2: C4 | H2: C5 | I2: C6 | J2: C7 | L2: Weight | N2: Level1 | T2: Level2 | Z2: Level3 | AF2: Level4 | AM2: Line Prize Won: 1.14M (Stage : 6) - 1140000 | AO2: Bingo Win | AP2: =COUNTIF($AM$1:$AM$500,"*") | AR2: Line Prize Won: 1.36M (Stage : 8) - 1360000 | AT2: Bingo Win | AU2: =COUNTIF($AR$1:$AR$500,"*")
A3: Spins | B3: 3000 | C3: 1500 | D3: 799 | E3: 1039 | F3: 1373 | G3: 2816 | H3: 6044 | I3: 10829 | J3: 9913 | L3: 1 | N3: 1 | O3: 1 | P3: 1 | Q3: 1 | R3: 1 | T3: 4 | U3: 4 | V3: 4 | W3: 4 | X3: 4 | Z3: 6 | AA3: 6 | AB3: 6 | AC3: 6 | AD3: 6 | AF3: 13 | AG3: 13 | AH3: 13 | AI3: 13 | AJ3: 13 | AM3: Line Prize Won: 1.52M (Stage : 8) - 1520000 | AO3: Made | AP3: =COUNTIF($AM$1:$AM$500,"Line*") | AR3: Line Prize Won: 1.56M (Stage : 6) - 1560000 | AT3: Made | AU3: =COUNTIF($AR$1:$AR$500,"Line*")
A4: Total Won | B4: 35435370000 | C4: 14762860000 | D4: 2289280000 | E4: 8506160000 | F4: 12553850000 | G4: 32566390000 | H4: 78464620000 | I4: 145865740000 | J4: 133525750000 | L4: 3 | N4: 1 | O4: 1 | P4: 1 | Q4: 1 | R4: 1 | T4: 4 | U4: 4 | V4: 4 | W4: 4 | X4: 4 | Z4: 6 | AA4: 6 | AB4: 6 | AC4: 6 | AD4: 6 | AF4: 13 | AG4: 13 | AH4: 13 | AI4: 13 | AJ4: 13 | AM4: Line Prize Won: 1.68M (Stage : 7) - 1680000 | AO4: Bingo/Made | AP4: =AP1/AP2 | AR4: Line Prize Won: 2.16M (Stage : 6) - 2160000 | AT4: Bingo/Made | AU4: =AU1/AU2
A5: Players | B5: 1000 | C5: 1000 | D5: 1000 | E5: 1000 | F5: 1000 | G5: 1000 | H5: 1000 | I5: 1000 | J5: 1000 | L5: 5 | N5: 1 | O5: 1 | Q5: 1 | R5: 1 | T5: 4 | U5: 4 | W5: 4 | X5: 4 | Z5: 6 | AA5: 6 | AC5: 6 | AD5: 6 | AF5: 13 | AG5: 13 | AI5: 13 | AJ5: 13 | AM5: Line Prize Won: 2.08M (Stage : 8) - 2080000 | AO5: (Stage : 1) | AP5: =ROUND(COUNTIF(AM:AM,"*(Stage : 1)*")/2,0) | AR5: Line Prize Won: 2.24M (Stage : 7) - 2240000 | AT5: (Stage : 1) | AU5: =ROUND(COUNTIF(AR:AR,"*(Stage : 1)*")/2,0)
A6: Days | B6: =B2/300 | C6: =C2/300 | D6: =D2/160 | E6: =E2/160 | F6: =F2/157 | G6: =G2/264 | H6: =H2/490 | I6: =I2/826 | J6: =J2/877 | L6: 10 | N6: 1 | O6: 1 | P6: 1 | Q6: 1 | R6: 1 | T6: 4 | U6: 4 | V6: 4 | W6: 4 | X6: 4 | Z6: 6 | AA6: 6 | AB6: 6 | AC6: 6 | AD6: 6 | AF6: 13 | AG6: 13 | AH6: 13 | AI6: 13 | AJ6: 13 | AM6: Line Prize Won: 3.28M (Stage : 8) - 3280000 | AO6: (Stage : 2) | AP6: =ROUND(COUNTIF(AM:AM,"*(Stage : 2)*")/2,0) | AR6: Line Prize Won: 2.52M (Stage : 7) - 2520000 | AT6: (Stage : 2) | AU6: =ROUND(COUNTIF(AR:AR,"*(Stage : 2)*")/2,0)
B7: =B3/B5 | C7: =C3/C5 | D7: =D3/D5 | E7: =E3/E5 | F7: =F3/F5 | G7: =G3/G5 | H7: =H3/H5 | I7: =I3/I5 | J7: =J3/J5 | L7: 20 | N7: 1 | O7: 1 | P7: 1 | Q7: 1 | R7: 1 | T7: 4 | U7: 4 | V7: 4 | W7: 4 | X7: 4 | Z7: 6 | AA7: 6 | AB7: 6 | AC7: 6 | AD7: 6 | AF7: 13 | AG7: 13 | AH7: 13 | AI7: 13 | AJ7: 13 | AM7: Line Prize Won: 3.44M (Stage : 8) - 3440000 | AO7: (Stage : 3) | AP7: =ROUND(COUNTIF(AM:AM,"*(Stage : 3)*")/2,0) | AR7: Line Prize Won: 2.58M (Stage : 6) - 2580000 | AT7: (Stage : 3) | AU7: =ROUND(COUNTIF(AR:AR,"*(Stage : 3)*")/2,0)
A8: Daily Gain | B8: =B6/B4 | C8: =C6/C4 | D8: =D6/D4 | E8: =E6/E4 | F8: =F6/F4 | G8: =G6/G4 | H8: =H6/H4 | I8: =I6/I4 | J8: =J6/J4 | L8: 40 | AM8: Line Prize Won: 3.84M (Stage : 8) - 3840000 | AO8: (Stage : 4) | AP8: =ROUND(COUNTIF(AM:AM,"*(Stage : 4)*")/2,0) | AR8: Line Prize Won: 2.87M (Stage : 7) - 2870000 | AT8: (Stage : 4) | AU8: =ROUND(COUNTIF(AR:AR,"*(Stage : 4)*")/2,0)
A9: Min Bet | D9: 1000000 | E9: 5000000 | F9: 10000000 | G9: 10000000 | H9: 50000000 | I9: 100000000 | J9: 100000000 | L9: 80 | N9: Level5 | T9: Level6 | Z9: Level7 | AF9: Level8 | AM9: Line Prize Won: 3.92M (Stage : 7) - 3920000 | AO9: (Stage : 5) | AP9: =ROUND(COUNTIF(AM:AM,"*(Stage : 5)*")/2,0) | AR9: Line Prize Won: 3.68M (Stage : 8) - 3680000 | AT9: (Stage : 5) | AU9: =ROUND(COUNTIF(AR:AR,"*(Stage : 5)*")/2,0)
A10: per RTP | D10: =D10/D8 | E10: =E10/E8 | F10: =F10/F8 | G10: =G10/G8 | H10: =H10/H8 | I10: =I10/I8 | J10: =J10/J8 | L10: 150 | N10: 26 | O10: 26 | P10: 26 | Q10: 26 | R10: 26 | T10: 53 | U10: 53 | V10: 53 | W10: 53 | X10: 53 | Z10: 107 | AA10: 107 | AB10: 107 | AC10: 107 | AD10: 107 | AF10: 202 | AG10: 202 | AH10: 202 | AI10: 202 | AJ10: 202 | AM10: Line Prize Won: 5.46M (Stage : 7) - 5460000 | AO10: (Stage : 6) | AP10: =ROUND(COUNTIF(AM:AM,"*(Stage : 6)*")/2,0) | AR10: Line Prize Won: 4.80M (Stage : 8) - 4800000 | AT10: (Stage : 6) | AU10: =ROUND(COUNTIF(AR:AR,"*(Stage : 6)*")/2,0)
A11: Per Spin | B11: =B3/(B2*B4) | C11: =C3/(C2*C4) | D11: =D3/(D2*D4) | E11: =E3/(E2*E4) | F11: =F3/(F2*F4) | G11: =G3/(G2*G4) | H11: =H3/(H2*H4) | I11: =I3/(I2*I4) | J11: =J3/(J2*J4) | N11: 26 | O11: 26 | P11: 26 | Q11: 26 | R11: 26 | T11: 53 | U11: 53 | V11: 53 | W11: 53 | X11: 53 | Z11: 107 | AA11: 107 | AB11: 107 | AC11: 107 | AD11: 107 | AF11: 202 | AG11: 202 | AH11: 202 | AI11: 202 | AJ11: 202 | AM11: Line Prize Won: 6.88M (Stage : 8) - 6880000 | AO11: (Stage : 7) | AP11: =ROUND(COUNTIF(AM:AM,"*(Stage : 7)*")/2,0) | AR11: Line Prize Won: 6.88M (Stage : 8) - 6880000 | AT11: (Stage : 7) | AU11: =ROUND(COUNTIF(AR:AR,"*(Stage : 7)*")/2,0)
B12: =B3/B4 | C12: =C3/C4 | D12: =D3/D4 | E12: =E3/E4 | F12: =F3/F4 | G12: =G3/G4 | H12: =H3/H4 | I12: =I3/I4 | J12: =J3/J4 | N12: 26 | O12: 26 | Q12: 26 | R12: 26 | T12: 53 | U12: 53 | W12: 53 | X12: 53 | Z12: 107 | AA12: 107 | AC12: 107 | AD12: 107 | AF12: 202 | AG12: 202 | AI12: 202 | AJ12: 202 | AM12: New Item Acquired: 100.00K (2, 2) | AO12: (Stage : 8) | AP12: =ROUND(COUNTIF(AM:AM,"*(Stage : 8)*")/2,0) | AR12: Line Prize Won: 6.88M (Stage : 8) - 6880000 | AT12: (Stage : 8) | AU12: =ROUND(COUNTIF(AR:AR,"*(Stage : 8)*")/2,0)
D13: ='Control Panel'!C8 | E13: ='Control Panel'!D8 | F13: ='Control Panel'!E8 | G13: ='Control Panel'!F8 | H13: ='Control Panel'!G8 | I13: ='Control Panel'!H8 | J13: ='Control Panel'!I8 | N13: 26 | O13: 26 | P13: 26 | Q13: 26 | R13: 26 | T13: 53 | U13: 53 | V13: 53 | W13: 53 | X13: 53 | Z13: 107 | AA13: 107 | AB13: 107 | AC13: 107 | AD13: 107 | AF13: 202 | AG13: 202 | AH13: 202 | AI13: 202 | AJ13: 202 | AM13: New Item Acquired: 150.00K (3, 12) | AR13: New Item Acquired: 100.00K (2, 18)
E14: =E2/D2 | F14: =F2/D2 | G14: =G2/D2 | H14: =H2/D2 | I14: =I2/D2 | J14: =J2/D2 | N14: 26 | O14: 26 | P14: 26 | Q14: 26 | R14: 26 | T14: 53 | U14: 53 | V14: 53 | W14: 53 | X14: 53 | Z14: 107 | AA14: 107 | AB14: 107 | AC14: 107 | AD14: 107 | AF14: 202 | AG14: 202 | AH14: 202 | AI14: 202 | AJ14: 202 | AM14: New Item Acquired: 150.00K (3, 21) | AR14: New Item Acquired: 150.00K (4, 20)
E15: =E7/D7 | F15: =F7/D7 | G15: =G7/D7 | H15: =H7/D7 | I15: =I7/D7 | J15: =J7/D7 | AM15: New Item Acquired: 150.00K (4, 11) | AR15: New Item Acquired: 150.00K (4, 5)
E16: =E14/E13 | F16: =F14/F13 | G16: =G14/G13 | H16: =H14/H13 | I16: =I14/I13 | J16: =J14/J13 | AM16: New Item Acquired: 150.00K (4, 25) | AR16: New Item Acquired: 150.00K (5, 15)
AM17: New Item Acquired: 150.00K (5, 15) | AR17: New Item Acquired: 150.00K (5, 21)
F18: 16 | AM18: New Item Acquired: 150.00K (5, 16) | AR18: New Item Acquired: 180.00K (6, 12)
F19: =D11*D12+E11*E12+F11*F12+G11*G12+H11*H12+I11*I12+J11*J12 | AM19: New Item Acquired: 150.00K (5, 23) | AR19: New Item Acquired: 180.00K (6, 14)
F20: =F18/F17 | AM20: New Item Acquired: 150.00K (5, 25) | AR20: New Item Acquired: 180.00K (6, 15)
AM21: New Item Acquired: 150.00K (5, 4) | AR21: New Item Acquired: 180.00K (6, 17)
AM22: New Item Acquired: 150.00K (5, 6) | AR22: New Item Acquired: 180.00K (6, 21)
AM23: New Item Acquired: 180.00K (6, 10) | AR23: New Item Acquired: 180.00K (6, 23)
AM24: New Item Acquired: 180.00K (6, 10) | AR24: New Item Acquired: 180.00K (6, 4)
AM25: New Item Acquired: 180.00K (6, 16) | AR25: New Item Acquired: 180.00K (6, 8)
AM26: New Item Acquired: 180.00K (6, 18) | AR26: New Item Acquired: 200.00K (2, 16)
AM27: New Item Acquired: 180.00K (6, 19) | AR27: New Item Acquired: 200.00K (2, 22)
AM28: New Item Acquired: 180.00K (6, 19) | AR28: New Item Acquired: 210.00K (7, 1)
AM29: New Item Acquired: 180.00K (6, 20) | AR29: New Item Acquired: 210.00K (7, 1)
AM30: New Item Acquired: 180.00K (6, 24) | AR30: New Item Acquired: 210.00K (7, 10)
AM31: New Item Acquired: 180.00K (6, 3) | AR31: New Item Acquired: 210.00K (7, 12)
AM32: New Item Acquired: 180.00K (6, 6) | AR32: New Item Acquired: 210.00K (7, 14)
... AM186: Clear Gem Acquired : 800 -> 900 (Stage : 8) | AR186: Item ReSelect Failed : Attempts - 3
AR187: Item ReSelect Failed : Attempts - 3
AR188: Item ReSelect Failed : Attempts - 3
AR189: Item ReSelect Failed : Attempts - 3
AR190: Item ReSelect Failed : Attempts - 3
AR191: Item ReSelect Failed : Attempts - 3
AR192: Item ReSelect Failed : Attempts - 3
AR193: Item ReSelect Failed : Attempts - 3
AR194: Clear Gem Acquired : 0 -> 100 (Stage : 6)
AR195: Clear Gem Acquired : 100 -> 200 (Stage : 8)
